x_1	x_2	y_1	y_2	P(x_1)	P(x_2)	P(y_1)	P(y_2)	P(x_1, y_1)	P(x_1, y_2)	P(x_2, y_1)	P(x_2, y_2)	P(y_1|x_1)	P(y_2|x_2)	P(x_1|y_1)	P(x_2|y_2)
The girl had the flightiness of a sparrow	The girl had the flightiness of a rock	The girl was very fickle.	The girl was very stable.	0.000330261761918494	5.064728154915831e-05	2.7911342598467108e-06	0.00011324720203489201	0.0005796274432709663	7.168225618398512e-07	7.827929614309958e-06	1.3574333187024558e-07	0.9987648321797216	0.017045317253435832	0.9866748522941186	0.15921740814605378
It was as peaceful as a church.	It was as peaceful as a battlefield.	It was very peaceful.	It was full of conflict and danger, not peace.	0.0006829680352507563	0.00028248785484530033	1.3109315153961677e-05	0.00041748998582873153	6.801023108278282e-06	1.2116897062778954e-09	1.78431243572767e-07	1.9555681087850496e-08	0.9998218688795282	0.09877258875237435	0.9744347860767304	0.941654159388319
The leaves were as green as grass	The leaves were as green as dirt	The leaves were very green	The leaves were brown and not green at all.	0.022092877665062443	0.009997014805538907	0.00537195971187627	4.8604720263733385e-06	0.0009262420170135229	6.083594068141523e-07	0.0005360677530166963	3.107195811010795e-07	0.9993436271675653	0.0005792916699214215	0.6334102636778401	0.3380771241500058
Shopping for groceries is finding shells on a sunny beach	Shopping for groceries is a scavenger hunt with a list created by a lunatic	Shopping for groceries is a fun, rewarding chore	Shopping for groceries is a crazy, nearly impossible chore	0.011551528651415736	0.04586599665821973	0.0034414065856249506	0.001395896036271587	2.7264777043563346e-06	2.1783124357281296e-05	5.519227831852973e-05	0.00043752574858056214	0.11124120650754304	0.8879840490799964	0.04707417582102405	0.9525741268224333
War is an amputation on the wrong limb	War is an amputation to save your life	War is the wrong solution to a problem	War is a necessary solution	0.09301448921066349	0.2342955620411741	0.001189318291849483	0.028312464630316753	0.0031457002770710523	1.053363065181229e-05	0.0005339778229086999	0.003961034699868069	0.9966625950548096	0.8812065994915542	0.8548846370796298	0.9973477402942144
It's as green as grass in the spring	It's as green as grass during a hot summer	It's fairy green	It's not too green	0.07771651468378461	0.1397677115624728	0.13719827659914044	0.027548784200785322	0.03663905155569193	0.0012463948683920495	0.027602642999289145	0.0058999435258860165	0.967100958652035	0.17610412024315097	0.5703313371401575	0.8255897216692099
This is as peaceful as a sleeping puppy	This is as peaceful as European in the '40s	It's very peaceful	It's not very peaceful	0.06673463136061682	0.07090003335449137	0.010809350309672585	0.021835487843993816	0.0010093613246292047	7.31178891159098e-05	0.005696127334776817	0.00301339629230614	0.9324533088603709	0.34598864660470574	0.15052763130295335	0.9763105287006255
The music was loud like a siren.	The music was loud like a whisper.	The music was very loud.	The music was very quiet.	0.00016868120253849865	0.00045141430670910486	0.0003030652285138832	9.028854143505791e-05	5.930186981438232e-08	2.590706825174666e-08	6.312651182087824e-08	9.777225415526199e-08	0.6959583250334526	0.6076631698328916	0.48438008427698437	0.7905303186696747
Jobs are as available as a marriage man.	Jobs are as available as a bachelor.	Jobs are not available.	Jobs are very available.	0.0010913798127924323	0.0007442563693696527	0.02306287147486253	0.001236695346574107	3.520914126622605e-07	3.028843137928935e-08	3.998115231561079e-06	9.721555640236815e-07	0.9207896758909756	0.19559408410649906	0.08093670978361556	0.9697854129326061
Peace is a human flying	Peace is a human walking	Peace is impossible	Peace is possible	0.20237026791753077	0.2520999388123785	0.06531617143787828	0.06595714935553817	0.0008803805947117196	0.11530710289560436	0.0037944388298150633	0.11850353353390562	0.00757724126786081	0.9689738206081602	0.18832397890980307	0.5068355116069857
Plants are a lullaby	Plants are a loud drum	Plants are calming	Plants are disturbing	0.028478844944067834	0.024936909844388858	0.001236695346574107	0.0017993811117636067	0.003592502478865711	0.004233002401988384	4.4003120768692036e-05	0.0028866568378025067	0.4590761278106335	0.9849852519941805	0.9878996141864553	0.40544873575821444
The car was as ugly as a one eyed rat	The car was as ugly as a swan	it was hideous	it was beautiful	0.0010414018924707435	0.001468612061583148	0.002248130605739017	0.0027330317632095276	5.349419043278717e-05	0.0002512498991460061	0.00016868120253849865	0.0003394169552062084	0.17553807362342935	0.6680145362320873	0.24077459577038224	0.5746334887513667
The man was as handsome as a prince	The man was as handsome as a hobo	he was good looking	he was ugly	0.00017816285682120578	0.0012660227315634282	0.035860280096566576	0.02031319965360925	5.784101105861684e-05	0.00017133754496012662	5.606143023372519e-05	0.00043242841921281946	0.2523840452764101	0.8852352197343664	0.5078118642792044	0.7162186093168913
The conversation was sharp as a tack	The conversation was sharp as a rock	The conversation was sharp and witty.	The conversation was dull and not sharp.	7.142411503883562e-05	4.575600582477793e-05	6.4895815853296255e-06	2.5666793069631218e-05	5.368752921716912e-07	4.139937718785167e-08	5.626404754009831e-07	1.3680798001723103e-07	0.9284088005554475	0.19559408410649906	0.4882833952958347	0.7676898539031198
He ate it like a fat boy eats cake	He ate it like a young boy eats broccoli	The food was tasty to him	The food was unpalatable to him	0.1839006937404939	0.10895755513728819	0.0005487802334320488	0.0002802895169181628	0.0001376735850959261	6.97695771959971e-05	0.00043242841921281946	0.00032010067572811824	0.6636689470737326	0.4253665112486333	0.2414893897151909	0.8210441123099046
He picked it up like a mother holding a baby	He picked it up like a playboy holding a condom	He held it with pride and care	He held it with disgust and caution	0.018749981748116082	0.10643355609103067	0.014832456390014475	0.011065686665181956	0.0005175490524364356	0.000488095243523415	0.0025977099773754862	0.0017853782168585108	0.5146442479867636	0.4073334000459302	0.1661335534168026	0.785308580887758
He rushed through the math test like an ape	He rushed through the math test like a rocket scientist	He rushed because he is dumb	He rushed because he is smart	0.00537195971187627	0.001033297638647637	0.019573204802408307	0.0011348554420418653	0.0011800629434740885	0.0003999309103099356	0.0006466211394278742	0.0010495697087443705	0.7468781860434984	0.6187804337438501	0.6460137001902271	0.7240905557040317
The bear was as hungry as a lion	The bear was as hungry as a piece of paper	it was starving	it didn't need food	0.0005980267934003796	0.0055859542589981	0.004118824384116476	2.6842075855134967e-06	0.0003891434563261045	1.5812852487901434e-05	0.0003515618155546862	0.0006750112166301211	0.9609517072737737	0.6575384268506708	0.5253688222550323	0.9771101598876111
That conversation had the ease of doing your taxes blindfolded.	That conversation had the ease of a Sunday morning.	Having that conversation was difficult	Having that conversation was easy.	0.0020310167484747367	4.069623402073416e-05	0.0013635601394190483	0.00011062383342527846	6.439079260767404e-06	1.4615767766244206e-09	2.1861852958447234e-07	1.5870003323401286e-07	0.9997730661425039	0.42059959109501305	0.9671630439727547	0.9908743626108194
Their conversations were artillery bombardments.	Their conversations were a hug with words.	Their conversations were heated and antagonistic.	Their conversations were friendly.	2.994449948075156e-06	0.00014204381380948848	2.8736863582436966e-07	2.2555822665592687e-07	1.9596838338261625e-07	8.41079362995072e-09	1.3440409951135022e-08	4.520943228558346e-07	0.9588471107825552	0.9711290930537121	0.9358173563909803	0.981735721648143
The story was as disturbing as a nightmare	The story was as disturbing as a newborn puppy	The story was very disturbing.	The story failed to be disturbing, and in fact seemed cute.	0.0004479013727040852	0.0011392971406570386	0.00043242841921281946	0.00016868120253849865	7.496458761863513e-08	9.329493666178467e-08	3.1561270251643637e-07	3.1742003550693466e-08	0.44552953503957266	0.09138210306717134	0.1919327864472368	0.25386100696924885
Their expectations of the house they could afford turned into melted ice.	Their expectations of the house they could afford leapt past the second story.	Their expectations were not met.	Their expectations were exceeded.	3.70543427450251e-05	7.142411503883562e-05	1.9333621964368023e-06	0.0001523907670817597	1.770426806189822e-07	1.6893530600768682e-07	6.615601637697701e-08	1.245650833251615e-07	0.5117166047041654	0.6531269142203084	0.7279754489059774	0.4244119866699621
Those that heard the child sing were carried away on gentle waves.	Those that heard the child sing were tortured by the intruding notes.	Those that heard the singing were pleasantly entertained.	Those that heard the singing were unpleasantly inundated.	0.00032514152788788584	2.3924081791079507e-05	6.97695771959971e-05	6.303156029161826e-05	2.169172266897912e-07	1.5893910094516368e-10	4.084331841159672e-07	6.214782596823444e-08	0.9992678187383391	0.13206615786963918	0.34687308577969156	0.9974490875787133
She sings like an angel	She sings like a bullfrog	her voice is magical	her voice is awful	0.11689439308489846	0.2725850270983094	0.04604551109353302	0.0014801305287407067	0.03772833972810368	0.0001500281672245135	0.01754530739016211	0.003309568369698531	0.9960392124697902	0.1586951851359601	0.6825737344123242	0.9566342012360932
HIs opinions were as firm as concrete	HIs opinions were as firm as a cotton ball	He was very certain of his opinion	He was very uncertain of his opinion	0.03146169908571438	0.027334397861279582	0.00015846132511575126	0.0019304541362277093	0.002498193270938647	0.002853026266980875	0.001395896036271587	0.005330154789734964	0.4668455953331918	0.792464245010713	0.6415346628833171	0.6513548646660542
The pilot landed the plane like he was handling a new born baby.	The pilot landed the plane like it was on a roller coaster.	The landing was smooth and gentle	The landing was bumpy and rough	0.000434120896192375	5.433660135480337e-05	0.015066033590869148	0.00781615526045484	9.171037907429409e-05	0.00014541228578157306	6.962304723487946e-06	4.9862068229156115e-05	0.38676344637927973	0.8774767874818409	0.9294404038127071	0.25534365985620666
The man's personality is like a Beanie Baby	The man's personality is like a drill sergeant	The man has a soft personality.	The man has a hard personality.	0.007487418128682623	0.0013904539533680367	2.5467052501301794e-05	1.7503232146551536e-05	0.0002552065093401916	4.916297683866628e-08	3.1742003550693466e-08	0.0005195746821548384	0.9998073971230789	0.9999389114489835	0.9998756377487169	0.9999053873733871
The poster was as colorful as a rainbow	The poster was as colorful as a sidewalk	The poster has a lot of color.	The poster was dull and colorless.	0.00018096851357139753	0.0001867130708422013	0.0006750112166301211	1.1039150141665878e-05	2.948025304671021e-06	4.03554288614869e-09	6.439079260767404e-06	2.2862907487214133e-08	0.9986329743543436	0.003538086057088537	0.31405054499180746	0.8499711756575749
She is as eager as a beaver	She is as eager as a sloth	she is excited	she is bored	0.3183731202184704	0.289599075010556	0.001342420098900651	0.005206681887018447	0.00028470343455049295	0.00037570032136803805	0.0009262420170135229	0.001428998756819708	0.43110511107634375	0.6067314954360127	0.23510838921999308	0.7918210709425799
The motor on the boat is a Babbling drunk	The motor on the boat is a Roaring lion	It is barely running	It is running strong	0.010894129094889895	0.02055264522320352	0.05177035970274691	0.32087015154826404	0.0019154312229538169	0.008385510525424083	0.0010913798127924323	0.002196052716348071	0.18594719490142167	0.6680145362320873	0.6370307944803831	0.20753575498928697
The lawyer's opening argument was a Russian novel.	The lawyer's opening argument was an airport paperback.	The lawyer's opening argument was long.	The lawyer's opening argument was tawdry.	0.0001376735850959261	8.350325039323543e-05	5.326972955014612e-07	2.300756461052065e-05	6.34880011604368e-09	4.139937718785167e-08	3.8127508250269574e-10	3.711016186949364e-08	0.13296424019782924	0.9898303422461273	0.9433475746920261	0.47268347662043286
The house had the cleanliness of a museum	The house had the cleanliness of a paintball arena	The house was very clean.	The house was a mess.	0.00014428067839590176	0.0011617677632923549	4.198807116093317e-05	1.2508995906201127e-05	0.0001500281672245135	1.0087587866101831e-07	1.4593783508589488e-06	5.122899825843833e-07	0.9993280721932551	0.2598256379609837	0.9903663476405534	0.8354835371034369
The grapes had the freshness of a secondhand toy.	The grapes had the freshness of an early summer morning.	The grapes weren't fresh.	The grapes were very fresh.	4.2803430187853626e-07	3.3667505744223422e-06	1.3497043358253209e-06	1.3954793341600129e-05	3.933780528158328e-10	4.745045067647817e-10	5.376840478137499e-10	2.2252862476313956e-06	0.4532618480153861	0.9997584337017132	0.42250463481418826	0.9997868124387094
The toy had the enjoyment of an execution	The toy had the enjoyment of roller coaster	The toy was not fun	The toy was fun	0.001900525218918533	0.00014770219608298515	0.00020346836901064417	0.0003102522132940274	0.00015358598268134713	0.0008499674528310694	0.00038161674054486614	0.000305442198561012	0.1530421572448963	0.4445647690116762	0.28696786472895275	0.26435835826107534
The movie's message was as heartwarming as a cup of mint tea	The movie's message was as heartwarming as a Popsicle	The movie message was very heartwarming.	The movie's message wasn't heartwarming at all.	0.022484662362366632	0.010036142015201607	0.0005728745790143598	0.00020829348233192797	3.293714110306081e-09	3.0115974460573396e-07	7.082598335698262e-09	1.188608328558765e-07	0.010818448652863185	0.9437636542955163	0.31742626558767584	0.28298811828270554
The book was as classic as pancakes for breakfast	The book was as classic as a bride wearing purple	The book was very classic.	The book wasn't a classic.	6.922662603870115e-05	3.2700342699792625e-05	0.0015941633114562707	3.823057384639185e-05	2.2427393839837406e-06	9.680764127326769e-09	2.2206127048001835e-07	2.8453348089834e-08	0.9957020611205928	0.11357959169117389	0.9099070060380481	0.746138993030751
The toy was as new as A quarter from this year.	The toy was as new as A quarter from the year you were born.	The toy was recent	The toy was dated.	0.00011593278203827863	0.0015034391929775724	0.0006170102015986695	0.0006516926518801511	0.0001512048527237606	3.711016186949364e-08	1.532634216314601e-05	1.3652065610331087e-08	0.9997546305194573	0.0008899654984705884	0.90796713988899	0.2689414213699951
The woman was as tall as a tree	The woman was as tall as a footstool	The woman was tall	The woman was short	0.00011324720203489201	0.0003276916444969635	0.0004938487558008839	0.0001376735850959261	0.022572664842663043	6.45263106683143e-05	0.004054967930813666	0.0006937232168439065	0.9971495442949946	0.14608724704829565	0.8477157933899124	0.9149009549929797
Tom had the joy of a robot.	Tom had the joy of a dog.	Tom is not very joyful.	Tom is very joyful.	0.000330261761918494	0.00015722816930033686	1.3846196278250254e-05	5.10445131015907e-05	1.131795991427375e-08	1.0203450321865548e-09	4.6448813899558095e-09	5.780648287988534e-09	0.9173026573249612	0.5544704649604273	0.7090191337850933	0.8499711756575749
The movie has a depth of A canyon.	The movie has a depth of A pothole.	The movie is deeply philosophical.	The movie has little substance.	0.00025922542707870625	0.007144544289287505	0.00041748998582873153	1.3212132787024159e-05	6.276708073705662e-07	9.184853273417225e-08	3.326533410710676e-08	2.5813772077463207e-06	0.8723473746782093	0.9872772918000767	0.9496693674025231	0.965641310666991
The movie has a depth of A valley.	The movie has a depth of A flatland.	The movie is expansive in it's meaning.	The movie lacks depth.	0.0036633582412811897	0.0006291796373915728	0.0003584957510561482	0.00019114084371795175	2.8012219815316215e-08	1.499386079433412e-08	2.9818852775393173e-08	5.838247954001798e-08	0.6513548646660543	0.6619228758499942	0.48438008427698437	0.7956581000631543
She was as delicate as An elephant	She was as delicate as A snowflake	She was a lumbering clod	She was fragile	0.1799918422414108	0.13040511888591078	0.11418653738560916	0.03401820777204099	0.0014458433419717767	0.002103689649451823	0.0012759522709126529	0.0030016481735223206	0.40733340004593027	0.7017130778138413	0.5312093733737562	0.5879431053543277
Her dinner tasted like An old shoe	Her dinner tasted like Manna from heaven	The food was disgusting	The food was gloriously delicious	0.056636946030691915	0.0318947933621571	4.4348241522267954e-05	2.127851882503518e-05	0.0030489172542387077	3.763786373644493e-05	0.0014628864857633064	4.231738768455963e-05	0.9878058669624095	0.02811405712611284	0.6757646010190476	0.5292633933665886
The boy's lemonade stand was as successful as a Fortune 500 company	The boy's lemonade stand was as successful as the 1962 New York Mets	The boy's lemonade stand was a wild success.	The boy's lemonade stand did terribly.	1.7640511697703964e-05	0.002111923257942005	9.496356046384146e-07	5.244385894236057e-07	8.714346155389552e-07	9.625643585384267e-08	1.4255718877728817e-06	6.513036240960531e-08	0.9005297861178929	0.04369106064046811	0.3793783841197297	0.4035668537353746
He is as famous as a movie star	He is as famous as a roach in a dumpster	people know him	no one knows him	0.027227831143261643	0.08224547755352593	0.14533542423015017	0.08018350167880199	4.4348241522267954e-05	0.00020031388433428086	3.823057384639185e-05	0.0013850330871350402	0.18126320682863017	0.9731387971923422	0.5370413867561842	0.8736466603593867
She is as fancy as a prom queen	She is as fancy as dish water	she is elegant	she is dirty	0.27959474528122435	0.15637962254382412	0.11351943196213851	0.03290724278495173	0.01560511942956986	0.0007799739782929635	0.00036272158552696295	0.0027011909787190663	0.9523973431900807	0.8816149031928324	0.9772842436755208	0.7759445507683054
Her face glowed like the sun	Her face glowed like the reflection of a dusty mirror	Her face was luminous	her face was dull	0.039078317712849225	0.003427989812844494	0.015789067639311205	8.156889968128741e-05	0.004968250564174034	0.0011617677632923549	0.0003698756277686204	0.0002018849656009158	0.8104789086703225	0.35309352890368745	0.9307105874853785	0.14804719803168945
He was the size of an ape.	He was the size of an ant.	He was huge.	He was small.	3.88326177824266e-05	3.763786373644493e-05	0.00048240876169431345	0.0017102875751579636	1.5870003323401286e-07	7.307424140820798e-09	3.769456188421916e-08	2.9356554312963414e-08	0.9559813501370537	0.4378234991142019	0.8080672135527632	0.8006920020959544
The song had the creativity of an ameba.	The song had the creativity of all the paintings in the Louvre.	The song was too simplistic.	The song was very complex and beautiful.	0.0005339778229086999	4.037953341500923e-05	0.008064266661963712	1.8304705372159045e-06	9.931194312156244e-08	6.972792826235374e-09	2.4337438334891088e-08	3.2241867372567335e-08	0.9343951625409308	0.5698526514141571	0.8031737963569016	0.8221891305219504
That movie was as long as a 25-year-old tapeworm	That movie was as long as Howie Mandel's hair	It's extremely long	It's as short as can be	0.29158553812059984	0.04613553161443577	0.061239140085755525	0.17008033835553252	0.03164658611103602	0.0007589355109414391	0.005564176687185442	0.0007589355109414391	0.9765800557141248	0.12002562775436143	0.8504686206687655	0.5
The playground is as safe as Dracula's fangs.	The playground is as safe as an insurance policy.	The playground is dangerous.	The playground is secure.	0.000614604706789468	0.00037277659827150564	6.205434652598976e-05	0.0010414018924707435	1.9893561087465334e-11	2.1600704500895966e-09	6.625567462588725e-11	1.665667476591448e-10	0.00912563738918052	0.7154239957834733	0.2309197629292718	0.07159119944455247
The manager added kindling to our spark.	The manager added water to our spark.	The manager motivated his employees.	The manager demotivated his employees.	5.784101105861684e-05	8.88887473452297e-05	7.057092580964225e-07	1.436752786663464e-06	1.245650833251615e-07	4.2713534488134696e-08	1.9750538246287656e-07	2.45799419867083e-07	0.7446563401437933	0.5544704649604273	0.38676344637927973	0.8519528019683105
The student was as gifted as an entrepreneur	The student was as gifted as a blind otter	he has talant	he was talentless	0.0005574222646262701	0.010600278549019446	0.03558121318285013	0.00334858051435851	0.004418853525099015	0.0058084733797679105	0.00015479057247306478	0.11712292554997933	0.4320633892123067	0.9986801365375205	0.9661559646595074	0.9527502864985102
The woman was as glamourous as a movie star	The woman was as glamourous as an old shoe	she was fancy	she was unkempt	2.0785602467353605e-05	0.0005751167467213744	0.01842327210910723	0.0019762335368005445	0.00047123377476579323	1.3954793341600129e-05	7.783358781165646e-05	0.00010311275085006726	0.9712384127350021	0.5698526514141571	0.8582440095395808	0.8807970779778824
His height was comparable to a redwood tree	His height was comparable to a mouse	He was tall	He was short	0.06952870257335038	0.063678630095297	0.057192750679528316	0.014488862907810497	0.011239945874096815	0.004488440342699523	0.00019567361820152106	0.0031952378483354237	0.7146280437908933	0.9422946838534366	0.9828891107881559	0.4158474325569124
She came up to eye level with a giraffe	She came up to eye level with a toddler	She was tall	She was short	0.00603985665459491	0.0010828866277077577	0.07955950871822769	0.048444147140314996	0.002577494437949569	0.0008238167035070768	0.001189318291849483	0.000963139304332677	0.7577943712746407	0.44746029191980774	0.6842640244786129	0.5389832206876841
The restaurant's plat du jour was the ambrosia of the gods	The restaurant's plat du jour was hot garbage	The food was delicious	The food was disgusting	0.004740737806540044	9.762519034984247e-05	4.198807116093317e-05	4.4348241522267954e-05	1.2906074060656277e-05	0.0003598988637540498	1.5689795893558925e-05	1.3574333187024558e-07	0.03461883883917583	0.008577485413711984	0.45132650558700155	0.0003770285666951213
The car was as useful as a pool with no water	The car was as useful as silverware during dinner	the car was useless	the car was helpful	1.5088729251943012e-05	0.00040781884072341	8.579242740812793e-07	0.001074459537113779	0.0005175490524364356	3.113735273149479e-06	2.5467052501301794e-05	2.1737375472260443e-06	0.9940196700308719	0.07864238118410144	0.953100741820131	0.411110869232168
My dog eats like a mayfly	My dog eats like a tarrare	My dog is never eating	My dog never ceases eating	0.023981591830430575	0.04192491494570112	0.0002633076335626009	0.004649043636991176	0.00044965440911134296	0.0006645461377110401	0.0005466407420597946	0.0007129539328114074	0.40356685373537454	0.5660185351961015	0.45132650558700155	0.5175708866141864
That film as disastrous as the launch of the Xbox One in 2013	That film as disastrous as the Abraham Lincoln presidency	It isn't very good	It's quite successful	0.0185677676231198	0.02067342437843784	0.0075461426768912016	0.05510926103975853	0.026649097336355485	0.0022657629126126193	0.001457183231848157	0.0010414018924707435	0.9216401914758181	0.41679664316204695	0.9481545333502202	0.31489265091054125
The concept was as confusing as a scrambled egg	The concept was as confusing as a kiddie puzzle	The concept was hard to understand.	The concept was easy to understand.	0.028202084791332783	0.015912902831605506	0.005288675196078788	0.0009706932995199089	1.4739199215286483e-05	2.1068586738005736e-06	3.2887598813664843e-06	6.192402008072421e-06	0.8749346174830965	0.6531269142203083	0.8175744761936437	0.746138993030751
The burrito has the heat of a volcano	The burrito has the heat of an iceberg	The burrito is hot	The burrito is cold	3.2193370876801656e-05	0.00015479057247306478	0.002393122572732835	0.009173776458096411	0.00038611511792335253	2.207968932663697e-06	7.543890006559033e-05	4.133710645466825e-05	0.9943140930647721	0.35398629980977286	0.8365545588915281	0.9492946352021695
Time moved like a snail.	Time moved like a cheetah.	Time was slow.	Time was fast.	0.035860280096566576	0.018971000599706116	0.0051661631671143975	0.006479820303135973	0.00018096851357139753	2.127851882503518e-05	2.026146185504882e-06	0.0002937408916898234	0.8947894632969136	0.9931495199733551	0.9889278398167657	0.9324533088603709
The man has the patience of a monk.	The man has the patience of a cat in a bath.	The man is very patient.	The man is very impatient.	6.325936905264233e-07	2.5467052501301794e-05	1.9750538246287656e-07	1.490848842889644e-07	2.2911025187863403e-07	3.2241867372567335e-08	1.9362746373840963e-09	4.476339980789228e-08	0.8766343756272443	0.9585377272885904	0.9916195466489739	0.5813030906443134
The art is as colorful as a rainbow	The art is as colorful as a cloudy sky	the art is vibrant	the art is dull	0.00047123377476579323	0.000491923421964374	0.0006723795972929537	0.007694977004998869	0.0006122085901157691	8.315287191035679e-07	0.0018931157732772455	9.080557214484392e-06	0.9986435982025386	0.004773722390757114	0.24436300507078526	0.9161096135894201
The man's head was as handsome as a work of art	The man's head was as handsome as a trash can	The man's head was attractive	The man's head was ugly	0.00019567361820152106	0.0016837720239976347	6.605650802868481e-05	2.3924081791079507e-05	1.3631530902014922e-05	4.9370133234384036e-06	7.528046340110668e-06	2.2427393839837406e-06	0.734119526900183	0.22953521316645245	0.6442251064863695	0.31237000428514555
The building is as old as the universe itself	The building is as old as the baby that will be born tomorrow	It's very old	It's brand new	0.031216862200991714	0.018897039677585683	0.06980083022106136	0.018604068232532935	0.0013582441222301784	0.0002960447300568554	0.0029551119319765166	0.0025574362170995664	0.8210441123099046	0.4639299554287248	0.3148926509105412	0.8962513731336202
That fan has the blowing power of the Greek god Aeolus	That fan has the blowing power of an unplugged hairdryer	It can blow a lot	It can hardly blow at all	0.058093405450500506	0.17462452395631145	0.22976387565246192	0.10981211983360685	0.008320253964795856	0.0013011181744835318	0.0034956008536636734	0.004070838626565419	0.8647679192064821	0.5380124478894484	0.7041601384435928	0.7577943712746406
The sandwich meat was as moist as a towelette	The sandwich meat was as moist as sandpaper	The sandwich meat was moist.	The sandwich meat was dry.	0.08403158826957005	0.0317704473470111	2.8189457427731856e-05	6.554245220489287e-05	6.412060973312742e-08	1.4615767766244206e-09	1.0571701315726883e-07	4.38844929947149e-10	0.9777138144607745	0.004133968090452445	0.3775406687981454	0.23091976292927183
She was as big as a lady bug.	She was as big as a elephant.	She was small.	She was big.	0.002618084069242202	3.169425892340491e-05	0.0018931157732772455	0.0016772076189795154	7.77871250686634e-09	6.153468071516805e-09	5.871680252669901e-09	1.2607105177048523e-05	0.5583269943353745	0.999534473081248	0.5698526514141572	0.9995121428772178
The future had the brightness of a mud puddle	The future had the brightness of diamond	The future is dull	The future is bright	0.07681108986263648	0.018897039677585683	0.05900824347034317	0.09337853762829695	0.004796620123641297	1.3392008533535114e-06	0.00028248785484530033	0.00038611511792335253	0.9997208811574295	0.5774953651858118	0.9443823883953986	0.9965435903319345
The girl's happiness exploded like a bottle of champagne	The girl's happiness exploded like a lullaby	The girl's happiness was effusive.	The girl's happiness didn't really explode at all.	0.004350345551108769	0.0008735294185691895	1.1341779903372687e-07	8.73268653050998e-06	2.1568213874275043e-06	2.090462969524116e-06	1.3392008533535114e-06	2.443998818704923e-06	0.5078118642792044	0.6460137001902271	0.6169358313194448	0.5389832206876841
The problem was as big as a Tootsie Roll	The problem was as big as Antarctica	The problem was small.	The problem was large.	0.0026078771267600553	0.0643035380594256	3.1202884983619004e-05	0.00032010067572811824	7.168225618398512e-07	8.332787699231966e-06	1.285192035253118e-07	6.81533666810071e-05	0.07921032410902437	0.9981178140899235	0.8479677583778257	0.8910549527982959
The girl's temper was a lit match	The girl's temper was a low tide	The girl was easily provoked.	The girl's temper was even.	9.762519034984247e-05	0.00019567361820152106	1.5936874227075268e-05	2.948025304671021e-06	0.00025922542707870625	8.122663770722269e-07	0.00020992714836132686	5.3913750568331754e-05	0.9968763514001466	0.20434189993684582	0.5525397080801923	0.9851575827657517
The book I just finished reading is a compass of my life.	The book I just finished reading is my new bug smasher.	The book contains a lot of timeless wisdom and helpful knowledge.	The book's content is so trashy and useless that one can't bear reading it again.	0.006379360000872671	0.0007799739782929635	0.008926329489511324	0.0006242833226079939	3.591430047015573e-05	7.539386683091652e-09	3.541076383106643e-08	1.3631530902014922e-05	0.9997901169117969	0.9974090206355707	0.9990149917032549	0.9994472213630764
The snake has the skin of a desert dweller who has never touched a bottle of lotion	The snake has the skin of a slimy, aquatic eel	The snake has dry and scaly skin	The snake's skin is not dry and scaly	0.013611027080910821	0.0060872278374499095	0.0017372206854909806	0.0005530843701478336	0.00023236817104587491	7.353659334467227e-06	2.190786382110244e-06	4.7578717883271245e-05	0.9693241982893258	0.9559813501370537	0.990659975614946	0.8661325122464821
The reporter was as tall as a basektball center	The reporter was as tall as a midget	the reporter was tall	the reporter was short	0.00033809369390228175	0.0009744924856757053	0.00032261125644370356	0.00017956020542583297	0.0012909927925189818	1.834322979579428e-05	0.002402488989655613	0.006379360000872671	0.9859904337135968	0.7264256089751906	0.3495327359537942	0.9971328414066063
The disease is spreading like a wild fire	The disease is spreading like a growth of a finger nail	It is spreading quickly	It is spreading slowly	0.002007354686637315	0.0032582582679940024	0.028478844944067834	0.043255754605187734	0.0003698756277686204	0.0002149054272209975	0.0017440199750102805	0.009614035182597054	0.6325027540011314	0.8464508271169839	0.17497346003387607	0.9781354435078863
The teen was a skyscraper	The teen was an anthill	The teen was tall.	The teen was short.	0.006897732807471687	0.013933803286390808	0.0024884537383830186	0.0008701238501092051	0.00015722816930033686	4.432176784932062e-09	7.614510809877446e-08	4.6281543076216644e-07	0.9999718113371954	0.8587185839992992	0.9995159375737078	0.9905142868292048
The investigation had the weight of A bunch of feathers	The investigation had the weight of A city-wide ripple effect	The investigation is not important	The investigation has a major impact	0.007088945004525844	0.0075461426768912016	0.0018564995996405073	0.011825465259096618	9.462157900914659e-05	4.069623402073416e-05	1.5903403627787129e-06	4.2803430187853626e-07	0.6992544210587585	0.21206880435710532	0.9834704434423458	0.010408314101072439
The teacher is as encouraging as a parent	The teacher is as encouraging as a dead bird	the teacher helps	the teacher doesn't help	3.70543427450251e-05	0.006764318578007539	0.0018783834294490952	6.74809712655615e-06	0.0025177868436031133	1.1936167278278403e-05	7.844404420678988e-05	4.684107823336605e-05	0.9952816307449726	0.3738758227716966	0.9697854129326061	0.7969253718105298
Her hair had the luster of a horse's chestnut mane	Her hair had the luster of straw	Her hair was shiny	Her hair was dull	0.02978733800282788	0.07329365396728607	0.041517484592168	0.005520875920674851	0.0002960447300568554	0.00014093842008067257	0.0001055579992694658	0.0003529377895963558	0.6774740169356273	0.7697732414716741	0.7371581626286834	0.7146280437908932
His class had all the brilliance of a light bulb	His class had all the brilliance of a rock	His class was brilliant	His class was not so smart.	0.015423314281384779	0.014890508982940857	0.00477791987398702	1.1125731269303538e-05	0.00046392797225353256	1.417454936053107e-05	0.000343417894868851	1.3602901981311632e-06	0.9703524898536864	0.003945406806602022	0.5746334887513667	0.08756383952305866
The house was as cozy as a winter cabin on a cold night.	The house was as cozy as a prison cell.	The house was comfortable to be in.	The house was uncomfortable to be in.	3.480933360864432e-05	1.7918309335239427e-05	0.000696438372746076	2.6898568187596384e-05	1.024644426015979e-07	2.061153622438558e-09	1.5079722038360346e-09	3.732267048937714e-09	0.9802808718926534	0.7122321842389469	0.985496420308618	0.6442251064863697
The soldier was as tough as nails	The soldier was as tough as cotton	The soldier is very tough	The soldier is very weak	0.002393122572732835	0.007172507245008699	0.00015970415269209664	0.0002454297015009895	0.00046939660838477953	0.002932115068473984	0.00024735463050721125	0.0006341143544479526	0.13799647126840353	0.7193836258234394	0.6548947290421275	0.17781086947804958
She was as fragile as an elephant	She was as fragile as a crystal teacup	She was sturdy and not fragile	She was extremely fragile	0.21988547474806647	0.08034026311802828	0.016163494588165874	0.01560511942956986	8.030429110667905e-05	0.0030728302086381184	0.00017540069774718182	0.0023376859480440356	0.025468082986367557	0.9302050734936126	0.31405054499180746	0.43206338921230675
Her closest relative may as well be a horse	Her closest relative may as well be a bird	She is ugly	She is dainty	0.0814462080966998	0.05393790103427319	0.23845044929695142	0.014043087460021496	0.05468039736791477	7.662688987992337e-05	0.019496896108597995	0.0002454297015009895	0.9986006016411855	0.01243165085318582	0.7371581626286833	0.7620701083888303
The athlete was as good as mike tyson in the 80s	The athlete was as good as mike tyson when he's 80	the athlete was great	the athlete was bad	0.003468397872002917	0.009539218167237892	0.0012033375995251293	0.00027594403073589844	0.0032582582679940024	8.156889968128741e-05	0.0008942445717626129	2.4683513668415607e-05	0.9755769099458927	0.02686120280765786	0.7846492570213327	0.23231014609688017
The student was as confused as a dog at a spelling bee	The student was as confused as a lawyer in court	he didn't know what was going on	he knew everything	0.0010054261977533226	0.0005318960406660279	0.0002869363912626821	0.0060872278374499095	0.015184197956837946	0.0014515022128128408	0.0013688969629109165	0.000343417894868851	0.9127477534452756	0.20055767974479627	0.9173026573249612	0.19132767714793028
The corner was as busy as a parade	The corner was as busy as a graveyard	The corner was busy	The corner was abandoned and not busy	0.005007217036294841	6.45263106683143e-05	0.0003613074680797802	0.0001647737066903008	0.0005035890497369525	0.00012933236424347565	0.000724181323581053	0.00017677638246969176	0.7956581000631541	0.196209412808702	0.41016550055367534	0.5774953651858117
The book was as entertaining as a party	The book was as entertaining as a funeral	The book was entertaining.	The book was not entertaining at all.	0.0011800629434740885	0.00016095672788593417	5.064728154915831e-05	2.9774000848839143e-05	6.82560337633487e-08	1.7466471884716174e-06	5.130617026091758e-10	7.996733541268989e-07	0.03760863550580657	0.9993588222788345	0.9925393565360597	0.31405054499180746
The artist is as creative as vanilla ice cream	The artist is as creative as caramel balsamic swirl ice cream	The artist has no new ideas.	The artist is very creative.	0.0003698756277686204	0.0005910595702218895	0.00046211928849723845	3.4269664912242954e-05	2.8410550082534584e-05	1.7741528793994224e-06	3.113735273149479e-06	3.107195811010795e-07	0.9412234441519333	0.09073548763985105	0.9012274112476257	0.14903529447863062
This show has as many episode as a centipede has legs	This show has as many episode as there are moons in the night sky	It has many episodes	It has very few	1.8592962538124947e-06	8.122663770722269e-07	0.004488440342699523	0.036000633264506685	0.008320253964795856	2.0623847625654624e-05	0.0012610869766906297	0.0001055579992694658	0.9975273768433652	0.07723878631706028	0.8683809516442299	0.836554558891528
Me and my relative have rhe closeness of conjoined twins	Me and my relative have rhe closeness of the north and south poles	They're extremely close	They very far apart	0.005288675196078788	0.006897732807471687	0.024169681786322	0.14058906696214135	0.006607623306918162	0.004418853525099015	0.02158109670516994	0.002111923257942005	0.5992506407605961	0.08913693827254157	0.2344066457818812	0.3233801013420336
The house is as fragile as steel	The house is as fragile as silk	The house is strong	The house is weak	1.147889989071055e-05	0.0003891434563261045	0.01249018054231454	0.0023104510818123167	2.710953627260597e-05	0.0002532204765281185	1.6571727123537028e-05	0.0008942445717626129	0.09670579329612156	0.9818056317790944	0.6206216158802703	0.7793218391224057
The actor got as much attention as a lion exhibit at a zoo	The actor got as much attention as a grain of sand at a beach	The actor got tons of attention.	The actor got no attention at all.	0.013038565320115117	0.00033546262790251185	0.00023602743728832652	1.653692320715034e-06	4.7379078241571714e-07	8.597298774772197e-06	2.575955803216113e-07	1.2411650127756709e-05	0.052230857101425734	0.9796676466573412	0.6477982179521105	0.5907792048683923
That shirt looks like a Garbage bag	That shirt looks like a Rose bush	It is ugly	It is pretty	0.17824266421654245	0.18862983110539577	0.08081238867682222	0.03977131421191992	0.026963228462898267	0.026031771661455445	0.023243755817699694	0.03699860758070385	0.5087881573663284	0.6141626173598019	0.5370413867561842	0.5869964297463166
The book has the respect of A doctor	The book has the respect of A conspiracy theorist	It is well respected	It is not highly respected	0.00800151004091445	0.012786376638115597	0.11873521192261695	0.018604068232532935	5.266483988156777e-05	0.0026078771267600553	6.591777624984918e-06	0.0009482072134553882	0.019794778861558834	0.9930961619287781	0.888758793492457	0.26664362336185243
My new car has the reliability of a penny stock	My new car has the reliability of a finely-tuned piano	My new car is unpredictable	My new car is dependable	0.0027011909787190663	0.0006194251112483582	0.006530642163653784	0.00161926773072467	8.093412546792363e-05	1.3709590863840845e-06	8.870206333171326e-06	6.048955170056238e-06	0.983342959990771	0.40544873575821444	0.9012274112476257	0.815232489352
The foundation was flat as a board	The foundation was flat as a globe	The foundation was flat.	The foundation was round and curved.	0.0015633294018551952	0.0029435910423792925	6.439079260767404e-06	1.7231869684358513e-05	4.684107823336605e-05	2.4337438334891088e-08	1.5446548154550848e-05	6.719782204413765e-08	0.9994806951355051	0.00433150202056399	0.7520125737597972	0.7341195269001831
The car is as fast as a turtle	The car is as fast as a bolt of lightning	the car is slow	the car is speedy	0.0006003674040911155	0.001347674182613322	9.61116520613947e-05	6.591777624984918e-06	0.0026489452157821562	0.00045495479299700566	2.21261586517673e-05	0.00041912399543313347	0.8534247908404916	0.9498557486112288	0.9917163731139694	0.4795036797379416
He's running faster than a cheetah on jet	He's running faster than a dead snail	He's running fast	He's not moving at all	0.03685436367962658	0.06699582332279769	0.00289795489322345	0.0030848569260302594	0.013192259802176308	0.0007442563693696527	0.03368761555886473	0.0060872278374499095	0.9465966702001757	0.15304215724489628	0.28140560742914383	0.891054952798296
The man's temper was a habanero pepper	The man's temper was a cup of oat milk.	The man had a big temper.	The man had a mild temper.	0.00289795489322345	7.369135982777617e-05	2.705260086528964e-06	6.947682501576582e-07	0.0002050641912072321	2.215948977336598e-08	1.7466471884716174e-06	6.118431323335899e-08	0.9998919504408847	0.03384403534049258	0.991554373058874	0.734119526900183
The government is as stable as a broken bridge	The government is as strong as a brick house	The government is falling apart	The government is very strong and stable.	0.0011304310599685174	0.004796620123641297	0.002776070750974707	4.870701466268941e-05	6.605650802868481e-05	8.902265046384814e-08	0.00017677638246969176	7.783358781165646e-05	0.9986541395987029	0.30569732884242146	0.2720245510940225	0.9988575504601822
The odds of winning the lottery are as good as finding a needle in a haystack	The odds of winning the lottery are as good as lighting a match and expecting fire.	The odds of sinning the lottery  are extremely low	The odds of winning the lottery are fantastic	0.0010172778436147007	2.8291339807619673e-07	0.0010093613246292047	0.03421811831166603	4.601802423589131e-06	6.0616859136975e-05	2.730584904405392e-09	1.546981702751349e-08	0.07055959618729296	0.8499711756575749	0.999406978970643	0.00025514139559523356
she is as exuberant as a dog on a car ride	she is as exuberant as a sloth in bed	she is excited	she is tired	0.0361415357592144	0.14878195449388193	0.001342420098900651	0.0024884537383830186	6.388969948412926e-06	3.480933360864432e-05	4.1899887877016565e-06	2.5467052501301794e-05	0.15507847160659358	0.8587185839992992	0.6039318337259583	0.42250463481418826
He is fair as a priest	He is fair as a devil	he is nice	he is mean	0.21563250467765507	0.1888141298998336	0.0344192036405134	0.007006356293632573	0.007785682958930128	0.004200060915951573	0.0025474657181853546	0.00024351975241113875	0.6495786194168922	0.0872522465547244	0.7534666539902644	0.05480259515596156
The branch was as sturdy as a steel beam	The branch was as sturdy as a twig	The branch was sturdy enough to hold a lot of weight.	The branch was weak and could snap easily.	0.0025474657181853546	0.005007217036294841	2.300756461052065e-05	5.296642122413846e-06	1.7466471884716174e-06	7.194133030325383e-09	1.8738788950667307e-06	3.7773894560776793e-07	0.9958980707421328	0.16776334721819922	0.4824291133858136	0.9813106915732509
That thing is sucking up as much electricity as a 1950s refrigerator	That thing is sucking up as much electricity as the Wii U in the closet	It uses a lot of electricity	It uses no electricity	0.09085981088881574	0.04949620024901781	0.007877458125943277	0.012987732771292249	0.0012759522709126529	4.5399929762484854e-05	0.00043581999733953626	0.003037030652348247	0.965641310666991	0.8745065534624367	0.7453983772125647	0.9852713861502774
The play has the excitement of a sleeping tortoise.	The play has the excitement of a lottery jackpot.	The play is dull.	The play is rousing.	0.00037277659827150564	0.0021201890918646723	0.00013343781418447866	0.0007891680647335938	4.745045067647817e-10	5.880525425099987e-12	4.0818937001723464e-11	3.2749602904241094e-08	0.9877587247081929	0.9987551566979116	0.9207896758909756	0.9998204720306532
The girl is as predictable as ocean waves crashing	The girl is as predictable as the Titanic sinking	The girl was very predictable.	The girl was totally unpredictable.	5.606143023372519e-05	0.004216499489590926	7.96793581553195e-05	0.0023194939316681954	3.2749602904241094e-08	4.012565225708764e-08	1.1189441953335289e-06	1.1015965735137428e-06	0.44939263446475963	0.49609382947091946	0.028436033044852652	0.9648551535992068
The man has the height of a mountain	The man has the height of a footstool	The man is tall	The man is short	0.002393122572732835	0.004630918733533246	0.01734089836757066	0.0011986462308218651	0.0014859235958365076	6.45263106683143e-05	4.684107823336605e-05	0.00037277659827150564	0.9583822022255618	0.8883720089593932	0.969440137141867	0.8524448171983366
The house is as enchanting as a castle	The house is as enchanting as roadkill	the house is pretty	the house is ugly	0.05947105085986282	0.1460468052128648	0.043255754605187734	0.0011846815792471309	1.2508995906201127e-05	7.296432703513267e-06	2.443998818704923e-06	0.00010392147417820859	0.6315943044052866	0.9770226300899744	0.8365545588915281	0.9343951625409307
The student was as sharp as A dull knife	The student was as sharp as A porcupine's quill	The student us dumb	The student is smart	0.016873157219397115	0.02921119873238083	1.3109315153961677e-05	0.005125959766390257	0.003322521654055227	0.0001097629519236744	0.000566200388009335	0.0007327177438630043	0.9680204398748077	0.5640984800226173	0.8543993677396563	0.8697145792507665
His singing voice is sounds like Fingernails on a blackboard	His singing voice is sounds like A lilting breeze	The voice makes you cringr	The voice is calming	0.12738428756053446	0.14224628639539272	0.12443343371744056	0.0017169814514638826	0.007908289625315685	1.5936874227075268e-05	0.0043333851611276775	0.00017540069774718182	0.9979888416581738	0.03890198009779777	0.6460137001902271	0.916708077443256
The goods were as valuable as gold	The goods were as valuable as dirt	The goods were valuable	The goods were worthless	0.010274142264416326	0.003945592089057239	0.0014402065329773381	0.003914887247820301	0.014098050550308756	0.002402488989655613	0.00033809369390228175	0.00046392797225353256	0.8543993677396563	0.5784481789341113	0.9765800557141247	0.16184943726558831
The puzzle was as easy as pie	The puzzle was as easy as brain surgery	The puzzle was easy	The puzzle was hard.	0.010075422364433047	0.008320253964795856	0.0007213580081637692	0.00024162466666302507	0.00041101740353382464	5.896421555905908e-07	0.000315137974737356	1.0677040100347827e-06	0.9985674634052899	0.003376612381739501	0.5660185351961015	0.6442251064863697
The politician was as popular as apple pie	The politician was as popular as a root canal	The politician was very popular.	The politician was very unpopular.	0.003961034699868069	0.002054957731209459	5.453298478202027e-07	3.689886323573741e-07	3.373836300347245e-05	4.1899887877016565e-06	8.362904073201707e-08	1.0511507936556303e-06	0.8895288461051275	0.9263037302939515	0.9975273768433652	0.20055767974479627
The meeting was as lively as a funeral procession.	The meeting was as lively as a group of children in a bouncy house.	The meeting was not lively at all.	The meeting was very lively.	3.0242873137666396e-05	4.3320915613895993e-05	2.596159274980251e-07	2.424979469005869e-06	7.082598335698262e-09	1.9555681087850496e-08	4.476339980789228e-08	8.071593559922058e-10	0.26588047309981694	0.017712298703411445	0.13660839002621936	0.03963883910097002
He shopped for the item like a bride picking out her dress	He shopped for the item like a robber getting away	He shopped with great care	He shopped in a hurry	0.008095829309273564	0.013295727978177492	0.04631610097974051	0.018749981748116082	0.001217522162363377	0.00045495479299700566	8.030429110667905e-05	0.0013904539533680367	0.7279754489059774	0.9453993942183476	0.9381240142763572	0.7534666539902642
Watching the movie was like going to the dentist's office	Watching the movie was like going to the carnival	The movie was dreadful	The movie was enjoyable	0.0006697582376672773	0.0006194251112483582	0.002932115068473984	5.908831274463692e-06	0.0015390922259922361	2.5268866326407045e-05	0.0005155313198998952	0.00043752574858056214	0.9838471651778591	0.45907612781063356	0.7490872131147276	0.9453993942183476
The cookie was as chewy as a Tootsie Roll	The cookie was as chewy as a brick	The cookie was perfectly chewy.	The cookie was extremely dense and tough.	0.0021789628985256905	0.00012832589179998424	0.0005933729119721093	0.00017268136198036305	3.432128916326245e-08	4.792325752702175e-09	1.808604844573311e-08	3.5485289983732617e-07	0.8774767874818408	0.9515039967560431	0.6548947290421275	0.9866748522941186
The pizza delivery guy had the speed of an Olympic sprinter	The pizza delivery guy had the speed of a tectonic plate	The pizza arrived quickly.	The pizza took forever to come.	0.0010828866277077577	0.0003030652285138832	1.1911098957708444e-06	0.001236695346574107	2.797008532961901e-05	5.515933130022035e-09	9.315460739833056e-05	1.9485257440787278e-06	0.9998028305780379	0.020488554684743848	0.23091976292927183	0.9971771671022385
The pot roast has the aroma of swamp water.	The pot roast has the aroma of a grandmother's kitchen.	The pot roast smells bad.	The pot roast smells flavorsome.	6.513036240960531e-08	0.0006194251112483582	6.922662603870115e-05	2.2474594950358106e-05	3.6744036116318696e-09	7.465003724657477e-10	1.6822645580191797e-09	1.8189616875530459e-09	0.8311430478583168	0.5195213219520929	0.6859494550081926	0.7090191337850932
The photograph has the clarity of an inkblot test.	The photograph has the clarity of a full rainbow.	The photograph is out of focus.	The photograph is crystal clear.	5.739088873946875e-05	0.002680170143751801	0.0003831103462370196	0.00034746599634217677	2.4720697221535385e-08	2.2066508860987197e-10	1.5647497858135657e-10	4.122566597418165e-10	0.9911526449170697	0.7248702761768248	0.9937100978631075	0.6513548646660543
He has the political prowess of a Kennedy	He has the political prowess of a newborn baby	He has good political skills	He lacks skill in politics	0.16565440431705702	0.14921847825306253	0.00825550523475136	0.2009915950437698	0.0003488259398006987	0.0006466211394278742	0.00016736851500600766	0.0005423867500556189	0.35042138058310773	0.7641884136055329	0.6757646010190476	0.4561674946423043
This puzzle has the difficulty of putting a man on Mars	This puzzle has the difficulty of a childâ€™s block sorting game	It is very difficult	It is very easy	0.00010806123508405339	0.004384465734147754	0.17685556879895062	0.007313972274543236	0.0008942445717626129	0.00014770219608298515	0.006633484813330926	0.006404328109965567	0.8582440095395809	0.49121184263367157	0.11879340050844577	0.9774570340514706
The boy was as funny as a comedian	The boy was as funny as a dead fly	it was funny	it wasn't funny	0.000427390475530988	0.0007157443556077709	0.003133436353933003	0.00029145498193520206	0.0008701238501092051	8.88887473452297e-05	1.7918309335239427e-05	6.109228305553586e-05	0.907312221360624	0.7732163651347153	0.97982268167713	0.4073334000459302
The politician's apology was a chess move.	The politician's apology was an avalanche.	The politician's apology was calculated.	The politician's apology was chaotic.	2.9881610087968285e-07	2.2780573902385995e-06	5.989276684272566e-07	3.3931563264474013e-06	1.6144202758987793e-10	1.4166087866431961e-09	2.263734395415915e-09	3.732267048937714e-09	0.10230470789265304	0.6224593312018546	0.06656918897050167	0.7248702761768249
He was as dangerous as a viper	He was as dangerous as a flea	He was very dangerous	He was not dangerous	0.18175818576240843	0.13271766190562015	0.00334858051435851	0.01055895197944298	0.007285457798938988	0.0011260239269261967	0.00481539356400332	0.00041912399543313347	0.8661325122464821	0.08006926916838086	0.6020615889267099	0.2712516965968936
The water was as warm as the surface of the sun	The water was as warm as an icicle	The water was scalding hot	The water was cold	0.012637410838146264	0.0009445105038643562	0.0007799739782929635	0.008064266661963712	0.00016736851500600766	0.0002802895169181628	7.198430131596974e-05	8.73268653050998e-06	0.3738758227716966	0.10818895456207035	0.6992544210587585	0.030214587067393977
Her excuse had the conviction of a deserting soldier.	Her excuse had the conviction of a revivalist preacher.	Her excuse lacked conviction.	Her excuse was full of conviction.	0.0003407453956084444	0.00019875502931906102	2.586810022265412e-05	3.5634813166556813e-05	7.012722012894485e-10	1.6561834634703606e-09	5.079998787628234e-11	2.093612069037112e-09	0.29746994260479465	0.9763105287006255	0.9324533088603709	0.5583269943353744
The threat was an oncoming train	The threat was a third cousin thrice removed	The threat was imminent.	The threat was distant.	0.007664977132720437	0.028927321495132424	4.3320915613895993e-05	0.00016095672788593417	2.7420906789408565e-07	4.229212632936059e-09	3.520914126622605e-07	0.0004749297070682428	0.984810951192016	0.999259194411005	0.43782349911420193	0.9999910951559577
Their love was as easy to understand as a Bob Dylan lyric.	Their love was as a California wildfire season.	Their love was complex and hard to interpret.	Their love was hot and short lived.	7.528046340110668e-06	0.019573204802408307	3.734496355709537e-05	6.014513499670094e-05	1.499386079433412e-08	3.446590763465364e-06	2.081691415838163e-08	3.611996107745338e-06	0.00433150202056399	0.9942697534850079	0.4186969093556866	0.5117166047041654
The book grabbed my attention like legalese in a merger agreement	The book grabbed my attention like a trashy magazine headline	The book totally bored me.	The book really interested me.	2.313931574163823e-06	1.184327928758278e-05	1.0953242793708993e-05	0.00017133754496012662	0.0001941508740238353	0.001108566544041679	0.00012832589179998424	2.50195658046748e-06	0.14903529447863065	0.019124036750888904	0.6020615889267098	0.00225184727950302
Her thoughts were like a yo-yo	Her thoughts were like a spring stream	Her thoughts were all over the place.	Her thoughts were steady.	0.032270759093500474	0.05489441039218966	0.0002960447300568554	0.0006074443450698789	0.0008335275941189099	5.422248370634153e-06	0.00020667252959243203	1.6061868680805156e-05	0.9935368622818453	0.07211220541293052	0.8013146462095748	0.7476159547235899
Her ego was a Ritz cracker	Her ego was a brick building	Her ego was very fragile.	Her ego was unshakeable.	0.193291727955277	0.11374136626485605	0.010395250602272818	0.0005277567928384327	0.0002674541254445945	6.908123638278764e-06	2.2252862476313956e-06	0.0001500281672245135	0.9748211582993981	0.985384329899364	0.9917484014309145	0.9559813501370537
His mind is a steel cage	His mind is an open barn door	He has a very good memory and rarely forgets anything	His memory is terrible, things go in one ear and out the other	0.15531426671942994	0.12443343371744056	0.0006170102015986695	0.04159865266915964	8.782693619376908e-07	0.015483679426712674	1.0370321845440158e-05	0.04008324449531219	5.671904740038749e-05	0.9997413472970014	0.07807816514495095	0.721350790473117
The screen was dim like a flashlight.	The screen was dim like a candle.	The screen was bright.	The screen was dim.	0.0017169814514638826	0.0017237015268609076	0.0017169814514638826	5.266483988156777e-05	1.1253517471925912e-07	7.265816972879501e-08	4.075753933568295e-08	7.380236941212603e-08	0.6076631698328916	0.6442251064863697	0.7341195269001831	0.5039061705290805
That politician's speech was a good as Lincoln's Gettysburg Address	That politician's speech was a good as a college professor dense lecture.	The speech was sycinct and powerful	The speech was overbearing and boring.	0.0005639929818906105	0.01068341756409483	2.8189457427731856e-05	7.411334799450557e-06	0.0015390922259922361	4.139937718785167e-08	7.889324827200223e-06	5.602796437537268e-09	0.9999731021553259	0.0007096703991005882	0.9949001816970466	0.11920292202211756
you are as hard as pillow	you are as hard as rock	You are soft	You are stubborn	0.0006883246199401248	0.002577494437949569	0.05106737830317957	0.0015633294018551952	0.00010231032105679591	9.315460739833056e-05	0.00045141430670910486	6.240969618963137e-06	0.5234203489363239	0.013636835281429876	0.18476751064799998	0.06278920859705135
You are as tough as an egg	You are as tough as a coconut	eggs crack	coconuts are hard	0.026753398954296834	0.03992697473458602	0.02921119873238083	0.009803655035821828	0.006790793372371189	0.0003126855515614081	0.004216499489590926	0.0010093613246292047	0.9559813501370537	0.19314738002256462	0.616935831319445	0.7634837635542924
The girl is as good at camouflaging her emotions as a chameleon	The girl is as good at camouflaging her emotions as a peacock	The girl hides her emotions well.	The girl shows off her emotions.	0.0003613074680797802	0.0005402721845128483	4.9862068229156115e-05	0.0006750112166301211	1.1300936043146307e-05	9.422454817328475e-07	1.6571727123537028e-05	1.967941288233246e-05	0.9230391643039739	0.5428632831725051	0.40544873575821444	0.9543079676184154
My bank account is dry as the Sahara	My bank account is stuffed like a Thanksgiving turkey	My bank account is barren, I have no money	My bank account is fat with cash, I'm rich	0.08436047860698273	0.03435204424010438	0.014717029298635137	0.06608609779809503	0.04480351198999153	0.006556202374390671	0.0015755907463196439	0.014098050550308756	0.8723473746782093	0.8994751304753558	0.9660280028426232	0.6825737344123242
The sandwich has the cheesiness of the moon as depicted in cartoons	The sandwich has the cheesiness of a pizza without the primary topping	The sandwich is very cheesy	The sandwich lacks cheese	0.03699860758070385	0.03239706327345691	0.013140828055353401	0.011416949266252214	5.1848347218863805e-05	6.513036240960531e-08	0.00015970415269209664	5.122899825843833e-07	0.9987454055200281	0.0031974869372464257	0.24508501313237172	0.8872045937171068
The tower has the wind resistance of metal roofing on a fair weather day	The tower has the wind resistance of candy wrapper caught in an updraft	The tower has a high wind resistance	The tower has almost no resistance to wind	0.0008110446093482581	0.0820849986238988	0.0037210477393135196	6.25410447978757e-05	2.6425928041209276e-06	2.5467052501301794e-05	6.35259229460595e-05	0.0003968186232742667	0.09401017961657226	0.8620035287315965	0.0399373142069266	0.9396923600249307
The body has the survivability of a hungry tiger in a hen house	The body has the survivability of a paper bag in a stormy ocean	It has high survivability	It has a low survivability rate	0.14907282821265253	0.07517845249923723	0.007172507245008699	0.06518872529018133	0.00010722029588095494	0.0007471693064387259	7.369135982777617e-05	0.0011260239269261967	0.12549344653756345	0.9385759599453298	0.5926665999540698	0.6011253440753982
She rode that horse like An acrobat	She rode that horse like A seizure victim	She rode it well	She rode it poorly	0.016290266447416758	0.012392981186193544	0.019496896108597995	0.004853161163813102	0.0009047856437992004	0.00025720811880066503	0.0008907582425739574	0.000724181323581053	0.778649312002172	0.4484262685477744	0.5039061705290805	0.7379143205612128
The speech was as inspiring as A cement block	The speech was as inspiring as A legless marathon runner	It is dull	It is motivating	0.028312464630316753	0.0007213580081637692	0.04275180979968037	0.0038692774298736865	0.036282989730693896	1.8778226954681552e-05	0.0028087941945255128	2.046335157012045e-05	0.9994827186660278	0.007232763803479048	0.9281487332504808	0.5214711624606774
The glass is a clear as Ikea instructions	The glass is a clear as Saran wrap	It is not clear	It is see thru	0.03802424676402909	0.00800151004091445	0.31039118962996076	0.004070838626565419	0.007313972274543236	0.0034414065856249506	3.853041995332739e-05	0.00356454540277495	0.6800292550948656	0.9893062422638245	0.9947595503797411	0.5087881573663284
The cookies tasted like hardtack.	The cookies tasted like heaven.	The cookies are awful.	The cookies are delicous.	7.844404420678988e-05	0.00017956020542583297	8.481823524646916e-05	3.373836300347245e-05	1.8993907008103337e-07	1.6467534506261262e-08	1.103256032343554e-09	3.1202884983619004e-05	0.920217986535907	0.9999646437492583	0.9942250701465558	0.9994725215874768
The floor was as slippery as oil	The floor was as slippery as sandpaper	The floor was slippery.	The floor wasn't slippery at all.	0.010274142264416326	0.0003771707708502542	0.00013875337240659363	4.1573820362668745e-06	2.50195658046748e-06	1.6502192385896512e-07	4.546832078341627e-08	1.5623961727152556e-07	0.9381240142763573	0.7745833841649233	0.9821512615500111	0.48633153138010954
The gem was as fake as a bad toupee	The gem was as fake as the air we breathe	The gem was obviously fake.	The gem was obviously real.	0.0014013594188853921	0.00011868204873612653	2.4491425041093874e-05	1.7918309335239427e-05	3.0115974460573396e-07	1.3026892009626639e-08	6.839968668246968e-07	1.6631620684898604e-07	0.9585377272885903	0.19559408410649906	0.3056973288424214	0.927363293639213
The boys are as disciplined as the military	The boys are as disciplined as barrel monkeys	The boys are highly disciplined.	The boys lack any discipline.	0.0005216082399637996	0.022972957860023874	5.203573759420005e-07	1.3109315153961677e-05	1.417454936053107e-05	0.00019567361820152106	1.8592962538124947e-06	0.0004444157765683803	0.0675466911396291	0.9958337438789612	0.8840392817460332	0.6943026711575786
The helicopter had the reliability of a collapsing tower.	The helicopter had the reliability of a battleship.	The helicopter was not reliable.	The helicopter was very reliable.	0.0002802895169181628	4.3568989659532705e-06	1.245650833251615e-07	0.000136602200756776	1.1382771381540786e-09	6.224144622907783e-11	2.4374100555808313e-11	8.777450792367426e-11	0.9481545333502202	0.7826624789529375	0.9790357591818725	0.5851011542032313
This book is like silk in my hands.	This book is like hard-cover amnesia.	This book is hard to put down.	This book is forgettable.	0.0029899458563130603	0.006897732807471687	0.000315137974737356	0.00020031388433428086	4.947403853572487e-05	1.216795362778407e-07	6.54048000453254e-06	5.829466373086881e-05	0.9975465717403025	0.8991213772699436	0.8832359864017768	0.9979170292169541
The teams passion was burning like an inferno	The teams passion was burning like a match	The team had a lot of passion	THe team had very little passion	0.0014345916998185365	0.00022346628620705983	0.00013553915399670016	0.024550298891725924	3.2193370876801656e-05	7.369135982777617e-05	0.00012535322571817655	9.388522803938417e-05	0.3040416749665474	0.42823339806622046	0.20434189993684587	0.5602526536332625
The sword was as sharp as a laser	The sword was as sharp as a stick	The sword was sharp	The sword was dull	0.0008015956534429372	0.0005574222646262701	0.0037210477393135196	0.0047592925296969625	0.001703619795802574	1.2705983928444028e-05	0.0018420522051362717	3.373836300347245e-05	0.9925969859111274	0.01798620996209156	0.480478678047907	0.7264256089751905
He maneuvered with the tactical precision of an experienced general.	He maneuvered with the tactical precision of a clown car.	He manuevered skillfully.	He maneuvered poorly.	0.0002960447300568554	0.003427989812844494	5.784101105861684e-05	3.0895039930125723e-06	0.0005445095917739226	3.9729775927959076e-09	1.756649235478333e-07	2.335593038799337e-09	0.9999927036205342	0.013121271126550956	0.9996774927880132	0.37022539259558657
The ending was as satisfying as a Thanksgiving dinner with all the trimmings.	The ending was as satisfying as a stale saltine cracker.	The ending was satisfying.	The ending was unsatisfying.	1.967941288233246e-05	0.0011939731520318544	0.00115723846002175	0.00011149146690418283	1.304651588236747e-11	9.198689451044826e-11	5.765064269705978e-14	3.602258547081669e-11	0.12421300835205337	0.9984021545059827	0.9956005868372635	0.28140560742914383
That guy is as smart as a rock	That guy is as smart as a computer	The guy is dumb	The guy is intelligent	0.09862739166711136	0.1527570924892777	0.0019608543654049855	0.0005728745790143598	0.0004675666044367073	0.0075756774442599355	0.0010999396107533182	0.027281062467756873	0.05813159486469561	0.9612438064128053	0.2982869221861587	0.7826624789529376
The friendship was as meaningful as a contract on a napkin	The friendship was as meaningful as an international treaty	The friendship wasn't meaningful at all.	The friendship was highly meaningful.	0.0017576984932042732	0.006979041099082982	5.896421555905908e-07	5.805006012871254e-07	9.51634225407686e-06	1.4389171289965917e-09	6.276708073705662e-07	4.116365652813278e-07	0.9998488180067273	0.39606816627404173	0.9381240142763574	0.9965165758069193
The child was as still as a marble slab	The child was as still as a waterfall	The child was totally still.	The child couldn't stop moving.	0.0007619059005462061	0.000136602200756776	2.8350882287970917e-06	2.1024338523818466e-07	2.3271821335944093e-07	1.0677040100347827e-06	1.0511507936556303e-06	6.276708073705662e-07	0.17895588769009546	0.3738758227716967	0.1812632068286302	0.3702253925955866
He is as strong as a diamond.	He is as strong as a piece of graphite.	He is very strong.	He is weak.	0.00950202828005989	0.007516723054668224	9.171037907429409e-05	0.000656803940697575	2.482486199888092e-06	5.022314267564466e-09	6.023573837886479e-08	1.8189616875530459e-09	0.9979809860995514	0.02931223075135632	0.9763105287006255	0.26588047309981694
He has the satisfaction of a master chef after making a 5 star meal	He has the satisfaction of a master chef aftet making a bowl of canned ðŸ	He is very satisfied	He has very little satisfaction	0.004054967930813666	0.13922280889508354	0.007458227451776145	0.0008769483160472604	8.093412546792363e-05	6.922662603870115e-05	4.198807116093317e-05	1.3420193603962811e-05	0.5389832206876841	0.24220562872535942	0.6584175005616829	0.16238003666671083
She had the dedication of a gnat	She had the dedication of a tectonic plate	She is flighty and unfocused	She applies pressure consistently and over time.	0.2842751988422877	0.11530710289560436	0.002153577211832027	3.785339420236214e-06	0.0005135214537570228	1.1039150141665878e-05	0.0006122085901157691	3.1202884983619004e-05	0.9789554342060389	0.04849600324395688	0.4561674946423043	0.7386690743254897
The desire she felt was a mere trickle	The desire she felt was a surging wave	She felt little desire	She felt a strong desire	0.0015511634759303816	0.008223320070003553	0.015789067639311205	0.003481972797455297	0.0003598988637540498	6.97695771959971e-05	7.016910756215174e-06	0.00013448437993214345	0.8376199633332891	0.9504109770159683	0.9808759632491111	0.658417500561683
The man has the taste of a picky child.	The man has the taste of the Queen of England.	The man has poor taste in things.	The man has exquisite and fine taste in things.	5.550833285191991e-06	1.8738788950667307e-06	1.2237632521703756e-08	4.092927801975028e-06	2.093612069037112e-09	2.906692500344293e-09	7.946455100699067e-10	7.224446708721363e-07	0.41869690935568665	0.9989012689270753	0.7248702761768248	0.9959927110540886
The bed is as comfortable as cloud.	The bed is as comfortable as seeing your ex.	The bed is very comfortable.	The bed is very uncomfortable.	0.00017540069774718182	0.0011260239269261967	1.9073941000538522e-05	1.2411650127756709e-05	8.66472822477561e-06	1.0305119771630132e-08	9.094236279226865e-09	1.0738181387312433e-07	0.9988120945058836	0.921921834855049	0.9989515307328389	0.9124361604769413
She has the patience of a saint	She has the patience of a bull	She is very patient	She is not patient at all	0.15622698261203108	0.25358142293832486	0.0015390922259922361	0.00021323301991815497	0.0004444157765683803	0.0002552065093401916	0.0003276916444969635	0.00014204381380948848	0.6352224414795978	0.3023910826779019	0.575588013330038	0.3575675223704418
He has the morality of a puppy dog.	He has the morality of a vulture.	He is very moral and kind.	He is not very moral or kind.	0.008550899900940824	0.013717779689386	0.00010806123508405339	6.0616859136975e-05	3.5061404196803905e-09	3.769456188421916e-08	3.1923771805723365e-09	5.484526391933337e-08	0.08509904500702024	0.9449947117065459	0.523420348936324	0.5926665999540698
His desire for her was a runaway horse.	His desire for her was a snail.	His desire for her was wild.	His desire for her was dormant.	0.00012535322571817655	0.000427390475530988	5.064728154915831e-05	9.204183886575893e-07	7.856221329421708e-08	2.7635971626846847e-07	3.561354097273517e-09	1.2554205938221004e-07	0.22135068799782798	0.9724147177732099	0.9566342012360932	0.3123700042851455
He could sprint like the wind	He could sprint like a tortoise	He was fast.	He was slow.	0.06544386674707503	0.029497861788767083	0.00012149651241487151	0.0001867130708422013	5.464775591682541e-06	7.630536451058262e-07	3.718826460690273e-07	7.528046340110668e-06	0.8774767874818408	0.952925824178976	0.9362850057480347	0.90796713988899
They fit each other's personalities like a plug in a socket	They fit each other's personalities like a magnet on paper	They fit each other's personalities perfectly.	They don't fit each other's personalities well at all.	0.0031580121998471176	0.0014123504170288816	3.5634813166556813e-05	1.6797341854736943e-06	1.0677040100347827e-06	7.5870895393308e-06	6.62952495604186e-07	1.1365650024464047e-06	0.1233656243727556	0.6315943044052867	0.6169358313194448	0.1302854207492335
The spaghetti was as cold as the gaze of an angry parochial school teacher	The spaghetti was as cold as a vacation to Hades	The spaghetti was cold	The spaghetti was very hot	0.006685511879539377	0.03462147066231972	0.009428082909331552	0.013347765986156852	0.00014204381380948848	6.109228305553586e-05	0.0003543191490481569	9.536370525114293e-05	0.6992544210587585	0.21206880435710534	0.2861692439575231	0.6095241625665027
Her mind was like a safe deposit box	Her mind was like a child's toy box	Her mind is closed and secretive	Her mind is wide open and easily accessible	0.0022657629126126193	0.0023285721742377138	0.004418853525099015	0.023888096464365276	0.004167375782592899	5.519227831852973e-05	2.0948625967999643e-05	0.0021789628985256905	0.986929215225813	0.9904775143296635	0.994998327750071	0.975296130326771
The ghost has the invisibility of a shy middle child with an overachieving older brother and a wild and rambunctious younger sister	The ghost has the invisibility of a bully in a china shop, smashing the china on his victim	The ghost is very hard to see	The ghost is very noticeable	0.06017207678833979	0.03707094110134446	0.0016319678049400079	0.020592826334998843	0.0019154312229538169	1.6061868680805156e-05	0.0005423867500556189	2.8189457427731856e-05	0.9916842215225259	0.049405245185507346	0.7793218391224057	0.6370307944803831
Your wit has the sharpness of a blade	Your wit has the sharpness of a stone	Your wit is clever.	Your wit is dull and not clever.	0.03671068213222579	0.026753398954296834	0.001152726814831155	0.004488440342699523	3.5634813166556813e-05	4.775067695777226e-07	8.013563615524676e-06	8.66472822477561e-06	0.986777178247695	0.519521321952093	0.8164063773658039	0.9477691428985742
She had all the grace and elegance of a ballerina	She had all the grace and elegance of a dump truck	She is very graceful and elegant.	She is not graceful or elegant, and in fact is cumbersome and unsophisticated.	0.02996238552014692	0.025428746320412147	0.00010311275085006726	2.487710886551368e-05	1.4397766033208308e-05	8.41079362995072e-09	1.2554205938221004e-07	3.8070158887683083e-07	0.9994161675418087	0.7520125737597972	0.9913558220632764	0.9783846672373524
The teacher had the patience of a flea	The teacher had the patience of a tortoise	The teacher was impatient.	The teacher was patient.	5.144486017970228e-05	7.844404420678988e-05	6.083594068141523e-07	6.001881827461841e-06	1.9485257440787278e-06	1.6305067188138468e-09	9.422454817328475e-07	2.042037446992271e-06	0.9991639097030574	0.6842640244786129	0.6740504840647447	0.9992021665183657
The dog had the attitude of a yogi	The dog had the attitude of a military commander	The dog had a calm attitude.	The dog had an aggressive attitude.	0.0014234276186392064	0.0016066664892709752	1.1125731269303538e-05	1.0930238809663547e-06	7.411334799450557e-06	3.2749602904241094e-08	2.941833866358965e-07	2.8410550082534584e-05	0.9956005868372635	0.9897513980768414	0.9618217257384336	0.9988486004343229
He could run with the speed of a racehorse.	He could run with the speed of a elderly tortoise.	He was really fast.	He was really slow.	0.0005075387476061422	5.144486017970228e-05	7.722788202587939e-05	6.109228305553586e-05	1.0783428504061669e-05	5.838247954001798e-08	2.0860725823388572e-07	2.058053345188238e-06	0.9946150620382221	0.9079671398889901	0.9810219632882344	0.97241471777321
Henry is a golden retriever.	Henry is a cobra.	Henry is trustworthy and friendly.	Henry is not friendly or trustworthy.	0.00011593278203827863	0.004384465734147754	0.00046392797225353256	4.029472837964792e-06	2.730584904405392e-09	3.4517827508159916e-09	2.1477713947384977e-08	2.443998818704923e-06	0.4416730056646256	0.9912886155422945	0.11279540628289321	0.9985896415033819
This cat has the grace of a ballerina.	This cat has the grace of a pig on ice.	The cat is extremely graceful.	The cat is clumsy and ungraceful.	0.002054957731209459	0.021455014708236755	0.0002960447300568554	7.426932832618075e-05	3.2749602904241094e-08	1.3176514270095466e-10	1.7730937992312898e-10	2.6729446876368918e-08	0.9959927110540886	0.9934102283369194	0.9946150620382221	0.9950945942942779
The dog is as smart as a bowl of rocks	The dog is as smart as a scientist	the dog is dumb	the dog is smart	0.002103689649451823	0.0006316421768662651	0.0010660980266590896	0.0002869363912626821	3.5634813166556813e-05	0.0006910186463314305	5.3077895340120925e-05	0.001907963664310119	0.04903962501076556	0.9729338243348664	0.40168780512292046	0.7341195269001831
The tax penalty was as heavy as a bowling ball	The tax penalty was as heavy as a hairpin	The tax penalty was very heavy.	The tax penalty was very light.	0.0001323993928760769	0.019611471075280593	7.646595820101798e-06	1.4593783508589488e-06	3.480933360864432e-05	4.099093439508832e-09	2.22996962648784e-05	3.326533410710676e-08	0.999882255407716	0.0014895173647107272	0.6095241625665027	0.8902942261220294
The food is as warm as a volcano	The food is as warm as ice	The food is hot	the food is cold	6.65745956422723e-05	0.001057801585994996	0.006505181602734825	0.00024929465691874434	0.002038965923272597	3.0480070931487388e-05	0.000412626080167391	0.00028248785484530033	0.9852713861502773	0.4063907233281731	0.8316905587926504	0.9026096017480522
The road is as flat as a pancake	The road is as flat as a roller coaster	The road is flat	The road is rolling	0.00043074254057568753	0.001900525218918533	0.004183686430237278	0.001644767487071946	0.0005035890497369525	4.5399929762484854e-05	8.958591043121772e-05	4.908902851332477e-05	0.9173026573249611	0.3539862998097729	0.848972198007449	0.519521321952093
She is as transparent as a window	She is as transparent as a wall	You can see her intentions	You can't tell what kind of person she is	0.45649401598482847	0.4232199404637473	0.0038996245488749012	0.0027011909787190663	0.011551528651415736	0.0015817574341432633	0.01377146956105809	0.0014123504170288816	0.879561183405384	0.09301680466886209	0.4561674946423043	0.4717099340546364
He has a heart of gold	He has a heart of coal	He has a great deal of concern for others	He doesn't care too much for others	0.11621146771220849	0.23383840011408472	0.0003771707708502542	0.000315137974737356	1.6187843478185913e-05	0.0003102522132940274	9.462157900914659e-05	7.856221329421708e-08	0.04958902298403174	0.0008295891883591029	0.14608724704829568	0.0002531563721509263
The movie has the tension of a cat in a room full of rocking chairs.	The movie has the tension of a wet noodle.	The movie is tense.	The movie's pace is relaxed.	9.99403050221641e-05	0.0003007067561944148	0.00010072414654929499	0.00017268136198036305	1.8037290366086034e-13	3.3125753225619975e-10	7.023286064876046e-13	2.1265816617938767e-09	0.0005442132624325576	0.9996698472749022	0.20434189993684584	0.8652240825770433
the book has the depth of an antâ€™s bathtub	the book has the depth of the marianna trench	the story is superficial	the story is profound	0.0003126855515614081	0.026753398954296834	1.2607105177048523e-05	0.00043074254057568753	5.093730949192808e-06	5.784101105861684e-05	0.0005530843701478336	0.0033880525218347116	0.08093670978361556	0.8596637505099167	0.009125637389180518	0.9832145101099362
She was as jumpy as a yo-yo string	She was as jumpy as a yogi	She was very anxious.	She was very calm.	0.319931477957684	0.14210744181257556	5.093730949192808e-06	1.696471430719247e-05	1.2751905914873347e-07	3.769456188421916e-08	8.233249263085099e-08	1.216795362778407e-07	0.7718434978390746	0.5964331462646254	0.6076631698328916	0.7634837635542924
The job pays as good as a Chinese factory	The job pays as good as a politician's pay.	The job pays very little	The job pays excellent.	0.04103379124572375	0.001730447903889382	0.0036348497612726936	0.0010828866277077577	0.0011482327588782399	3.2887598813664843e-06	4.037953341500923e-05	7.380236941212603e-08	0.9971439874741471	0.001824382785276942	0.9660280028426232	0.02194825371486785
The book is as interesting as counting drips of water	The book is as interesting as time travel.	The book is beyond boring.	The book is incredible.	0.0027117631412915152	0.0006491519430114311	3.611996107745338e-06	0.001152726814831155	7.96793581553195e-05	6.681520964704669e-07	8.628371145073255e-08	7.979938813509946e-08	0.9916842215225259	0.480478678047907	0.9989182847472744	0.10669059394565118
The date had all the magic of an exotic tale	The date had all the magic of a classified ad	The date was intriguing	The date was boring	0.001061941704344509	0.0027978437437265785	0.006607623306918162	0.0015211612584350887	0.0006723795972929537	0.0005910595702218895	2.3188015176244598e-05	0.00042076440037030485	0.5321820112760233	0.9477691428985743	0.9666631758572982	0.4158474325569124
The photography is as beautiful as a sunrise on a crisp autumn day	The photography is as beautiful as a trash heap	The photography is beautiful and moving	The photography is ugly and unwanted	0.002864192696069237	0.007172507245008699	0.00183487072417169	0.004796620123641297	6.65745956422723e-05	6.868790016083293e-05	2.419886530771396e-07	3.6765983562057217e-05	0.49218813572079556	0.9934611750227651	0.9963783145213249	0.34864513533394575
The clown has a smile like a cat who just caught a mouse	The clown has a smile like a marionette	The clown's smile is wide and happy	The clown's smile is inexpressive, flat	0.016939196889542374	0.024550298891725924	0.002830823840426083	0.008550899900940824	0.0002512498991460061	0.00017677638246969176	0.00016349142753174832	0.0021284872773466024	0.5869964297463166	0.9286679988850831	0.6057990438488956	0.9233161978167048
She thinks of him as highly as a full diaper	She thinks of him as highly as a diamond	She thinks he's worthless.	She prizes him.	0.013988338650516045	0.0003407453956084444	0.000315137974737356	3.913718577847501e-05	3.439352238726418e-07	9.590979851425414e-06	4.691164021834418e-08	1.3680798001723103e-07	0.03461883883917583	0.7446563401437933	0.8799743722456386	0.014063627043245474
His mother's words were littered with garbage.	His mother's words were littered with gems.	His mother's words were stupid.	His mother's words were wise.	3.2377723853716334e-06	0.00020829348233192797	5.349419043278717e-05	2.332079964429059e-06	3.373836300347245e-05	6.65348539521593e-09	1.7429788826727445e-07	5.285518122592676e-07	0.9998028305780378	0.7520125737597971	0.9948603889024312	0.9875683491468141
The crowd was filled with wolves.	The crowd was filled with sheep.	The crowd had several dangerous leaders.	The crowd had several unthinking followers.	9.839087420755427e-05	9.27637319550433e-07	1.0370321845440158e-05	3.535750085040998e-05	3.950356167962081e-08	1.7805650254331454e-08	1.0467401794744658e-08	1.6762064102631036e-07	0.6893056167854461	0.9412234441519332	0.7905303186696747	0.9039745112122062
He eats like a mouse.	He eats like a dog.	He doesn't eat a lot.	He eats a lot.	0.0038092898434960885	0.015727511898174208	0.00016095672788593417	0.0007891680647335938	1.631480630814809e-05	8.751065505125259e-05	8.139758880082827e-06	0.00040306760731535963	0.1571368534705856	0.9802052211384411	0.6671476749870738	0.8216173406683573
The rabbit had the softness of an Eider Duck crossbred with a chinchilla	The rabbit had the softness of the face of a man with 5 o'clock shadow	The rabbit feels extremely soft	The rabbit feels rough	0.0026697211506040907	0.02067342437843784	0.007144544289287505	0.0058084733797679105	5.739088873946875e-05	2.586810022265412e-05	4.565990913014599e-06	1.6187843478185913e-05	0.689305616785446	0.779992900254107	0.9263037302939516	0.3849121444839335
The teacher was as amused as a girl on a date with her crush	The teacher was as amused as a judge in the courtroom	the teacher was interested	the teacher didn't want to hear anything	0.00034476199450617594	3.144761224366715e-05	0.00023787862342236765	6.227862343953657e-07	0.002054957731209459	6.947682501576582e-07	0.0008532941313826474	7.528046340110668e-06	0.99966202057481	0.008745181682035147	0.7065955179610504	0.9155072460249907
The whole series had the depth of a puddle.	The whole series had the depth of a lake.	The series was boring.	The series was profound.	8.481823524646916e-05	9.171037907429409e-05	0.0009335066231896564	0.000724181323581053	3.169425892340491e-05	2.761947433970946e-11	5.476276860109711e-05	1.7741528793994224e-06	0.9999991285661438	0.031380429512976746	0.36658973632215985	0.9999844325454162
The air had the cleanliness of pre-industrial China	The air had the cleanliness of a freshly opened vacuum	The air is quite clean	The air is filthy	0.030613073429654778	9.536370525114293e-05	0.00825550523475136	0.001108566544041679	3.998115231561079e-06	4.785117392129009e-06	0.00019263997993535412	6.709674666737461e-05	0.45519860430172193	0.25832598856918726	0.020332353342658756	0.9334308110294983
She is as busy as a beaver.	She is as busy as a sloth.	She is really busy.	She is lazy.	0.007061307827106542	0.0038996245488749012	0.0001063859009186544	9.536370525114293e-05	4.101541854009513e-05	6.5503326652576046e-09	1.1568930018376477e-05	1.4708243971257213e-06	0.9998403213486516	0.11279540628289322	0.7799929002541068	0.9955662347993562
She sings like a song bird.	She sings like a howling cat.	She sings well.	She sings badly.	0.023794965602188523	0.016676578983487567	0.004740737806540044	0.0009706932995199089	1.3602901981311632e-06	1.7257827987960214e-08	1.5960881733354407e-08	2.730584904405392e-09	0.9874720680072552	0.14608724704829565	0.9884026381763671	0.13660839002621936
He is as open as a closed door.	He is as open as a large mall.	He is not open at all.	He is very open.	0.004853161163813102	0.0012660227315634282	1.892550641405186e-05	0.0008532941313826474	6.908123638278764e-06	1.277874381341546e-06	5.368752921716912e-07	3.2887598813664843e-06	0.8438951025545427	0.8596637505099167	0.9278877945870695	0.7201715075418013
His mood had the permanence of the sun.	His mood had the permanence of the tide.	His mood never changes.	His mood was always changing.	0.00032514152788788584	0.00014886063876446985	0.00023419065719907224	6.854364193619807e-06	3.083015421371996e-07	3.180880836218625e-07	1.502541715284548e-07	9.95209568855683e-07	0.49218813572079556	0.8688267762381843	0.672331699179286	0.7577943712746407
She was hiding like Anne Frank	She was hiding like circus clown	She was hiding well	She was hiding poorly	0.04250204336632019	0.23821770119509114	0.1571450621477682	0.09247107602348328	0.02921119873238083	0.026753398954296834	0.058206980009571974	0.04079406189310188	0.5219585227061239	0.4120568946456724	0.3341547393547116	0.6039318337259583
Those facts were like the Bible	Those facts were like dictionary	Those facts were not true	Those facts were true	0.10789869514276741	0.059123606568473756	0.00477791987398702	0.004249569904958726	0.05227840628031355	0.04047659998483431	0.0045236436166126584	0.016939196889542374	0.5636181634322939	0.7892336936802291	0.9203612611724168	0.29502676635499137
The final score of the game ended up being closer than the hair on a dog's tail.	The final score of the game ended up being further than two goal posts on a football field.	The teams scored similar amounts of points till the end of the game.	The teams did not score similar amounts till the end of the game.	3.169425892340491e-05	1.5623961727152556e-07	3.2377723853716334e-06	8.380504796774504e-07	3.180880836218625e-07	2.046335157012045e-05	3.398267819495071e-09	2.332079964429059e-06	0.015306354560694804	0.9985449370614672	0.9894295113796925	0.10230470789265304
The facts verified the case like A thief's lies	The facts verified the case like A solid Sherlock Holmes case	The facts were unreliable	The facts were solid and supported the case	0.0002018849656009158	0.04103379124572375	0.011642128413511858	0.0038391664740261636	0.00014655276847396972	3.0895039930125723e-06	0.0005466407420597946	0.0024213319443389027	0.9793540692607816	0.8158201574546556	0.21141682120065286	0.9987256737086126
Laughter is like music to soul.	Laughter is like screeching on a chalkboard.	Laughter makes me happy.	Laughter annoys me.	1.7231869684358513e-05	5.266483988156777e-05	0.0025977099773754862	8.220865249051076e-05	0.00018096851357139753	9.797802746121085e-07	7.265816972879501e-08	4.972764535058317e-10	0.994615062038222	0.006797531550373378	0.9995986649388644	0.0005072812826992371
Facts are immovable boulders.	Facts are liquid.	Facts cannot be changed.	Facts are constantly changing.	2.6275463526651657e-05	8.415817450312395e-05	0.0005381658628798603	0.00039837172745315756	0.00016349142753174832	9.184853273417225e-08	1.277874381341546e-06	3.4538445225382075e-05	0.9994385212538599	0.9643214491222696	0.9922444632191524	0.9973477402942144
His library was a brain.	His library was a puff of smoke.	His library was really intellectual.	His library was unimpressive.	0.00020031388433428086	0.0008142189481977105	5.0253141277191926e-05	8.030429110667905e-05	1.4255718877728817e-06	3.5061404196803905e-09	1.0305119771630132e-08	2.4337438334891088e-08	0.9975465717403026	0.7025300573952052	0.9928231180543431	0.8740772351648677
Her face is a crater.	Her face is an ice rink.	Her face is bumpy.	Her face is smooth.	0.009102385563312781	0.00946498338251144	0.00011868204873612653	0.001143756223589066	5.850535239314218e-07	3.2241867372567335e-08	2.358865407619506e-08	6.058067391634836e-09	0.9477691428985743	0.20434189993684584	0.9612438064128053	0.1581743527484317
The driver is a lumberjack.	The driver is a ballerina.	The driver is not careful.	The driver is careful.	9.536370525114293e-05	0.000218289695262571	6.14421235332821e-06	0.00017540069774718182	3.1561270251643637e-07	3.6326799385133336e-07	2.9356554312963414e-08	3.7773894560776793e-07	0.4649015713733885	0.9278877945870695	0.9149009549929797	0.509764383426016
The monkey was a modern edison	The monkey was a 1st grade dropout	The monkey was smart	The monkey was dumb	0.03685436367962658	0.009318242416397912	0.0010786648528405746	0.0007213580081637692	0.0001700041856069086	4.101541854009513e-05	0.0019304541362277093	0.013089596821908864	0.8056321889812553	0.8714748610635069	0.08093670978361554	0.9968763514001467
She has the conscience of the Pope after having a religious experience	She has the conscience of Hitler on a bad day	She has a good conscience	She has a bad conscience	0.04704547344084097	0.34491642937146455	0.010767208646547101	0.0029551119319765166	0.000412626080167391	2.586810022265412e-05	3.591430047015573e-05	0.005007217036294841	0.941006970264362	0.9928785712542649	0.9199307308316191	0.9948603889024312
The candy wrapper has the crinkles of an old woman after soaking in a hot tub	The candy wrapper has the crinkles of a celebrity's face after a Botox injection	The wrapper is very crinkly	The wrapper has no crinkles	0.001217522162363377	0.03699860758070385	0.008550899900940824	0.0007442563693696527	0.00018526005819728775	2.6729446876368918e-08	0.00039373055624846115	8.764248219443636e-08	0.9998557401355153	0.00022254553618122091	0.31997074490513444	0.7662936430859597
The microphone is as jumpy as a frog	The microphone is as jumpy as mud	the microphone is highly sensitive / overpowered.	the microphone is highly insensitive / underpowered.	0.01838732427250582	0.0006937232168439065	0.0007799739782929635	0.0018564995996405073	0.002079180922672758	0.0005381658628798603	0.0006098218150156874	0.0010786648528405746	0.7943849604299823	0.6388352797656792	0.7732163651347153	0.6671476749870738
The woman is as artistic as a wet mop.	The woman is as artistic as Van Gogh.	The woman is not artistic.	The woman is a wonderful artist.	0.00017956020542583297	1.1635178647535785e-06	3.2125758407693926e-06	3.0242873137666396e-05	7.465003724657477e-10	1.4761402528977027e-08	8.677780879537103e-09	8.203599800216365e-06	0.04813677111663481	0.99894331617583	0.07921032410902436	0.9982038508450995
The parking lot is a crater.	The parking lot is a sheet of glass.	The parking lot is bumpy.	The parking lot is smooth.	0.015544280834539277	4.795188239258791e-05	0.0006098218150156874	4.6114874626240464e-05	1.0571701315726883e-07	2.525378208225411e-09	3.933780528158328e-10	2.215948977336598e-08	0.9766692311915195	0.9825575152637946	0.9962927471256138	0.897695292107347
The punch hit me with the strength of a marshmallow	The punch hit me with the strength of a stone	The punch is soft	The punch is hard	0.03362188364694217	0.007342598352649541	0.01831563888873418	0.010395250602272818	0.0008400650320638412	2.4683513668415607e-05	5.5943690102245385e-06	9.242967249221398e-05	0.9714558483038397	0.9429286027746022	0.9933846073216721	0.7892336936802291
The wing span of the bird goes on forever	The wing span of the bird is as small as that of a butterfly	The wings on the bird are large and massive	The wings are so small they look like a butterfly's wings.	0.09690885561940646	0.003550648557242539	0.007144544289287505	0.000330261761918494	1.5812852487901434e-05	2.861628410059298e-09	4.637894807322208e-06	1.2098671473041613e-06	0.9998190642301059	0.20689404881588808	0.7732163651347153	0.9976403393179368
Class was as interesting as a wet paper bag.	Class was so stimulating that I felt reborn.	Class was boring and dull.	Class was very inspiring and made me think in a different way.	0.00012437771917636007	9.462157900914659e-05	0.000315137974737356	0.00040306760731535963	6.758262544305561e-09	1.3925485505607298e-06	1.310148955118608e-09	8.415817450312395e-05	0.004829721745804341	0.9999844325454162	0.8376199633332891	0.9837225390872865
his voice was coffee on an early morning.	his voice was an alarm on an early morning.	He had a very soothing voice.	His voice was startlingly unpleasant.	0.00020667252959243203	2.507222244856129e-05	0.00024735463050721125	5.606143023372519e-05	1.186112015134383e-08	1.8189616875530459e-09	1.522997974471263e-08	1.4166087866431961e-09	0.8670357598021708	0.08509904500702023	0.43782349911420193	0.43782349911420193
Dogs are loyalty and love given life.	Dogs are begging and poop given life.	Dog wonderful creatures.	Dogs are gross creatures.	0.00032261125644370356	0.05238061232067566	0.031155951269699805	0.00021323301991815497	0.004488440342699523	2.4862258480890196e-09	0.0031457002770710523	4.618434264903946e-08	0.9999994460827634	1.4681520973017061e-05	0.5879431053543276	0.9489172630429474
The man was as handsome as a J. Crew model	The man was as handsome as a naked mole rat	The man had excellent looks.	The man had poor looks.	0.0003007067561944148	0.003578496639022926	3.144761224366715e-05	1.952626647627999e-05	1.78431243572767e-07	2.1144732856221877e-08	7.750699915449612e-07	7.183311999458551e-06	0.8940517128636202	0.9026096017480522	0.18713268216242657	0.9970650482552862
His face is a dirt road.	His face is a sheet of glass.	His face is bumpy.	His face is smooth.	0.018102255232345044	0.0005796274432709663	3.373836300347245e-05	0.0005864599081545489	1.1911098957708444e-06	1.3232035708784463e-08	1.4389171289965917e-09	1.0305119771630132e-08	0.9890130573694068	0.8774767874818408	0.9987934102877535	0.43782349911420193
The painter is a demolition derby.	The painter is a surgeon.	The painter is rough.	The painter is careful.	0.0021451812099655197	0.0032582582679940024	0.00032010067572811824	1.1125731269303538e-05	1.798306971607756e-07	1.2047905614998859e-08	5.4304165132667835e-09	6.475952175842209e-07	0.9372107914029486	0.9916842215225259	0.9706877692486438	0.981735721648143
Matt's girlfriend is a vending machine.	Matt's girlfriend is a P.O. Box.	Matt's girlfriend is large.	Matt's girlfriend is small.	0.0003543191490481569	0.00013553915399670016	5.3913750568331754e-05	0.0002532204765281185	4.745045067647817e-10	1.7907613004453186e-09	1.103256032343554e-09	4.139937718785167e-08	0.20946968133032529	0.9740426428022032	0.3007455789412415	0.9585377272885903
This table has been made by a Greek God.	This table has been made by A chimpanzee.	The table was well constructed.	The table was poorly made.	7.889324827200223e-06	0.0006937232168439065	0.0001838183529864856	9.171037907429409e-05	6.45263106683143e-05	6.092758470188601e-10	9.895430233164894e-06	3.065461282193724e-06	0.9999905578036647	0.23651623644570757	0.8670357598021708	0.9998012844663926
The child's room was a garbage dump	The child's room was a pre-surgical hospital room	The child's room was messy	The child's room was clean	9.315460739833056e-05	0.0006671470977542673	7.142411503883562e-05	0.0007413547887659687	0.000491923421964374	0.00012149651241487151	0.0006098218150156874	0.0002454297015009895	0.801935826331075	0.2869678647289528	0.4464947117109947	0.6688802603710086
Her mind was a set of broken chairs	Her mind was a vintage bookshelf.	Her mind was confused.	Her mind was clever.	0.09634269059990228	0.0031952378483354237	0.0003669972327972938	0.00018526005819728775	0.000963139304332677	1.7195679337558213e-06	4.4255101412107355e-06	8.233249263085099e-08	0.9982178036776336	0.01826427835185701	0.9954261357223733	0.04569203238158463
The man approached the project with as much skill as a neurosurgeon	The man approached the project with as much skill as a middle school student	The man brought expert skills to the project.	The man brought no skills to the project.	3.793306116037291e-05	3.295681466627126e-05	7.002173850795985e-07	1.8553913626159784e-07	2.1568213874275043e-06	4.406940761911853e-08	5.838247954001798e-08	1.6408231849766684e-06	0.9799765587105447	0.965641310666991	0.9736446471538802	0.973844381646177
The man moved as quickly as a car stuck in traffic	The man moved as quickly as Niagara Falls	The man moved with no speed at all.	The man moved with great speed.	6.109228305553586e-05	0.0015152308127120793	6.854364193619807e-06	9.349128692199959e-07	7.571155145288665e-07	6.276708073705662e-07	1.1365650024464047e-06	1.9183166524588197e-06	0.546738151984614	0.6279512168265432	0.399811640739795	0.7534666539902642
He talked to me like I was going to give him money.	He talked to me like he thought I was going to ask for money.	He was really friendly.	He was really evasive.	7.142411503883562e-05	0.0008735294185691895	8.030429110667905e-05	0.00031760963250666423	4.069623402073416e-05	2.295924415792108e-06	1.1936167278278403e-05	1.9183166524588197e-06	0.9465966702001758	0.13846179056896438	0.7732163651347153	0.4551986043017218
That's about as useful as an icecube in a snowstorm.	That's about as useful as a heated cabin in a snowstorm.	It's not useful at all.	It's very useful.	0.002383792672009028	0.0026386179570919216	0.001337186498919149	0.0034146253471040128	1.197930699220045e-07	6.933090989233689e-08	8.494600649484895e-08	4.5728691787242234e-09	0.6334102636778401	0.05108273695705249	0.5851011542032312	0.061875985723642724
The mattress was soft as granite	The mattress was soft as a cloud	The mattress is hard	the mattress is soft	0.0018420522051362717	0.0013267804310269915	0.02055264522320352	0.012200845821682604	0.0003126855515614081	0.0005216082399637996	0.00015358598268134713	0.0012512731199788203	0.37479069691957606	0.8906751699223612	0.670608279935473	0.7057850278370111
The soap smelled like a field of lillies	The soap smelled like wildebeest dung.	the soap smelled good	the soap smelled bad	0.00023055986759244163	0.00026125855730166754	0.0003598988637540498	0.00021323301991815497	0.0074001870652772766	7.426932832618075e-05	5.550833285191991e-06	0.0018710603064642196	0.9900635812940538	0.9970420972317509	0.9992504685743376	0.9618217257384336
We have all the time of the lifespan of the universe	We have all the time of the lifespan of a housefly	We have a lot of time	We have very little time	0.03516667949315242	0.06380312395616236	0.05341372732716633	0.014948788787291759	0.017961382364498107	0.019959251675680568	0.002170467927246017	0.007487418128682623	0.4736572269721858	0.775264699264738	0.8921873600393251	0.2727987833151383
The culture has the depth of a kiddie pool.	The culture has the depth of the mariana trench.	The culture is superficial.	The culture is complex.	0.004488440342699523	0.0001376735850959261	0.0023652418502606745	0.0001700041856069086	3.844949842327788e-06	6.972792826235374e-09	6.758262544305561e-09	4.406940761911853e-08	0.9981897889737973	0.8670357598021707	0.9982453855899006	0.8633916099737806
The road is a bed of rocks.	The road is an ice rink.	The road is bumpy.	The road is smooth.	2.1613606738648142e-05	6.402416293485477e-05	6.643477577660964e-06	9.762519034984247e-05	1.3054308649022135e-07	1.906255481568582e-09	4.745045067647817e-10	1.162823303022097e-10	0.9856076636305631	0.1968262036430985	0.9963783145213249	0.057493278800385815
The yogurt was like onion ring batter	The yogurt was like mist	The yogurt was thick.	The yogurt was thin.	0.07430259699818609	0.03862304152129725	3.2193370876801656e-05	8.398142563157736e-06	3.2749602904241094e-08	6.250371093504527e-09	2.7207515599813276e-07	7.395769525248843e-07	0.8397339676722393	0.7310585786300049	0.10743747660842012	0.991619546648974
Masonite siding on houses repels water as well as a sponge	Masonite siding on houses repels water as well as a raincoat	Masonite siding soaks up water	Masonite is water repellant	0.08224547755352593	0.10396802541970576	0.01234466553138479	0.006429393941474441	7.646595820101798e-06	0.0014123504170288816	8.398142563157736e-06	0.00045495479299700566	0.0053849379617779605	0.9818752792555313	0.47657965106367595	0.24364243753740633
Their culture has the openness of a meadow	Their culture has the openness of a closet	The culture is very open and tolerant	The culture is not open or tolerant	0.06100039130459344	0.03817306945803752	0.006479820303135973	0.0008735294185691895	0.006556202374390671	0.0005402721845128483	1.0451657287736097e-05	0.0017440199750102805	0.9238675232288402	0.9940428462362504	0.998408374000318	0.7634837635542924
The woman has the shallowness of a bucket	The woman has the shallowness of the ocean	She is very shallow	She is not very shallow	0.0007355855200287278	0.005763271481312824	0.0035230171909539	0.02003736997801541	0.0018420522051362717	0.002776070750974707	0.003992101480057248	0.0017576984932042732	0.3988746559246018	0.3056973288424214	0.31573597552138716	0.38769032973193907
